,x1,x2,x3,y
0,53.330002,53.669998,53.240002,53.450001
1,53.669998,53.240002,53.450001,53.5
2,53.240002,53.450001,53.5,53.580002
3,53.450001,53.5,53.580002,53.259998
4,53.5,53.580002,53.259998,53.380001
5,53.580002,53.259998,53.380001,53.439999
6,53.259998,53.380001,53.439999,53.32
7,53.380001,53.439999,53.32,53.290001
8,53.439999,53.32,53.290001,53.59
9,53.32,53.290001,53.59,53.650002
10,53.290001,53.59,53.650002,53.32
11,53.59,53.650002,53.32,53.200001
12,53.650002,53.32,53.200001,52.400002
13,53.32,53.200001,52.400002,52.040001
14,53.200001,52.400002,52.040001,51.459999
15,52.400002,52.040001,51.459999,52.119999
16,52.040001,51.459999,52.119999,52.580002
17,51.459999,52.119999,52.580002,52.84
18,52.119999,52.580002,52.84,52.740002
19,52.580002,52.84,52.740002,52.880001
20,52.84,52.740002,52.880001,53.209999
21,52.740002,52.880001,53.209999,53.360001
22,52.880001,53.209999,53.360001,53.32
23,53.209999,53.360001,53.32,52.990002
24,53.360001,53.32,52.990002,53.040001
25,53.32,52.990002,53.040001,53.73
26,52.990002,53.040001,53.73,54.049999
27,53.040001,53.73,54.049999,53.849998
28,53.73,54.049999,53.849998,54.049999
29,54.049999,53.849998,54.049999,54.049999
30,53.849998,54.049999,54.049999,53.91
31,54.049999,54.049999,53.91,53.700001
32,54.049999,53.91,53.700001,52.860001
33,53.91,53.700001,52.860001,52.790001
34,53.700001,52.860001,52.790001,50.799999
35,52.860001,52.790001,50.799999,50.830002
36,52.790001,50.799999,50.830002,50.380001
37,50.799999,50.830002,50.380001,50.009998
38,50.830002,50.380001,50.009998,49.639999
39,50.380001,50.009998,49.639999,50.939999
40,50.009998,49.639999,50.939999,50.59
41,49.639999,50.939999,50.59,50.77
42,50.939999,50.59,50.77,50.950001
43,50.59,50.77,50.950001,51.09
44,50.77,50.950001,51.09,49.459999
45,50.950001,51.09,49.459999,49.77
46,51.09,49.459999,49.77,50.099998
47,49.459999,49.77,50.099998,49.619999
48,49.77,50.099998,49.619999,50.369999
49,50.099998,49.619999,50.369999,50.759998
50,49.619999,50.369999,50.759998,51.860001
51,50.369999,50.759998,51.860001,51.639999
52,50.759998,51.860001,51.639999,51.689999
53,51.860001,51.639999,51.689999,51.560001
54,51.639999,51.689999,51.560001,51.84
55,51.689999,51.560001,51.84,50.77
56,51.560001,51.84,50.77,51.189999
57,51.84,50.77,51.189999,51.02
58,50.77,51.189999,51.02,50.43
59,51.189999,51.02,50.43,50.860001
60,51.02,50.43,50.860001,50.889999
61,50.43,50.860001,50.889999,50.849998
62,50.860001,50.889999,50.849998,50.860001
63,50.889999,50.849998,50.860001,51.07
64,50.849998,50.860001,51.07,50.509998
65,50.860001,51.07,50.509998,50.279999
66,51.07,50.509998,50.279999,50.419998
67,50.509998,50.279999,50.419998,51.23
68,50.279999,50.419998,51.23,51.299999
69,50.419998,51.23,51.299999,51.82
70,51.23,51.299999,51.82,50.91
71,51.299999,51.82,50.91,51.040001
72,51.82,50.91,51.040001,50.509998
73,50.91,51.040001,50.509998,50.619999
74,51.040001,50.509998,50.619999,51.23
75,50.509998,50.619999,51.23,50.720001
76,50.619999,51.23,50.720001,50.77
77,51.23,50.720001,50.77,50.900002
78,50.720001,50.77,50.900002,50.93
79,50.77,50.900002,50.93,51.009998
80,50.900002,50.93,51.009998,51.23
81,50.93,51.009998,51.23,51.240002
82,51.009998,51.23,51.240002,51.419998
83,51.23,51.240002,51.419998,51.400002
84,51.240002,51.419998,51.400002,51.450001
85,51.419998,51.400002,51.450001,50.580002
86,51.400002,51.450001,50.580002,50.950001
87,51.450001,50.580002,50.950001,50.779999
88,50.580002,50.950001,50.779999,50.939999
89,50.950001,50.779999,50.939999,51.119999
90,50.779999,50.939999,51.119999,51.130001
91,50.939999,51.119999,51.130001,51.279999
92,51.119999,51.130001,51.279999,51.23
93,51.130001,51.279999,51.23,51.5
94,51.279999,51.23,51.5,51.349998
95,51.23,51.5,51.349998,51.049999
96,51.5,51.349998,51.049999,51.200001
97,51.349998,51.049999,51.200001,51.189999
98,51.049999,51.200001,51.189999,50.810001
99,51.200001,51.189999,50.810001,50.709999
100,51.189999,50.810001,50.709999,50.779999
101,50.810001,50.709999,50.779999,50.849998
102,50.709999,50.779999,50.849998,50.66
103,50.779999,50.849998,50.66,50.330002
104,50.849998,50.66,50.330002,49.790001
105,50.66,50.330002,49.790001,50.259998
106,50.330002,49.790001,50.259998,50.049999
107,49.790001,50.259998,50.049999,49.66
108,50.259998,50.049999,49.66,50.360001
109,50.049999,49.66,50.360001,50.080002
110,49.66,50.360001,50.080002,50.080002
111,50.360001,50.080002,50.080002,49.91
112,50.080002,50.080002,49.91,50.549999
113,50.080002,49.91,50.549999,49.98
114,49.91,50.549999,49.98,49.889999
115,50.549999,49.98,49.889999,48.950001
116,49.98,49.889999,48.950001,48.849998
117,49.889999,48.950001,48.849998,48.799999
118,48.950001,48.849998,48.799999,49.189999
119,48.849998,48.799999,49.189999,49.09
120,48.799999,49.189999,49.09,48.889999
121,49.189999,49.09,48.889999,49.32
122,49.09,48.889999,49.32,49.549999
123,48.889999,49.32,49.549999,49.369999
124,49.32,49.549999,49.369999,49.150002
125,49.549999,49.369999,49.150002,48.810001
126,49.369999,49.150002,48.810001,48.360001
127,49.150002,48.810001,48.360001,48.509998
128,48.810001,48.360001,48.509998,49.529999
129,48.360001,48.509998,49.529999,49.5
130,48.509998,49.529999,49.5,49.619999
131,49.529999,49.5,49.619999,49.799999
132,49.5,49.619999,49.799999,49.360001
133,49.619999,49.799999,49.360001,49.27
134,49.799999,49.360001,49.27,48.310001
135,49.360001,49.27,48.310001,48.150002
136,49.27,48.310001,48.150002,47.150002
137,48.310001,48.150002,47.150002,47.93
138,48.150002,47.150002,47.93,47.23
139,47.150002,47.93,47.23,47.41
140,47.93,47.23,47.41,47.700001
141,47.23,47.41,47.700001,47.419998
142,47.41,47.700001,47.419998,47.630001
143,47.700001,47.419998,47.630001,47.779999
144,47.419998,47.630001,47.779999,47
145,47.630001,47.779999,47,48.16
146,47.779999,47,48.16,48.669998
147,47,48.16,48.669998,49.700001
148,48.16,48.669998,49.700001,48.349998
149,48.669998,49.700001,48.349998,48.59
150,49.700001,48.349998,48.59,48.5
151,48.349998,48.59,48.5,47.860001
152,48.59,48.5,47.860001,48.23
153,48.5,47.860001,48.23,49.849998
154,47.860001,48.23,49.849998,51.759998
155,48.23,49.849998,51.759998,51.349998
156,49.849998,51.759998,51.349998,51.299999
157,51.759998,51.349998,51.299999,51.650002
158,51.349998,51.299999,51.650002,51.830002
159,51.299999,51.650002,51.830002,51.869999
160,51.650002,51.830002,51.869999,50.869999
161,51.830002,51.869999,50.869999,49.66
162,51.869999,50.869999,49.66,50.549999
163,50.869999,49.66,50.549999,50.209999
164,49.66,50.549999,50.209999,50.68
165,50.549999,50.209999,50.68,51.080002
166,50.209999,50.68,51.080002,49.950001
167,50.68,51.080002,49.950001,49.790001
168,51.080002,49.950001,49.790001,49.02
169,49.950001,49.790001,49.02,48.959999
170,49.790001,49.02,48.959999,49.450001
171,49.02,48.959999,49.450001,49.389999
172,48.959999,49.450001,49.389999,49.860001
173,49.450001,49.389999,49.860001,49.950001
174,49.389999,49.860001,49.950001,49.509998
175,49.860001,49.950001,49.509998,51.209999
176,49.950001,49.509998,51.209999,51.07
177,49.509998,51.209999,51.07,50.790001
178,51.209999,51.07,50.790001,51.240002
179,51.07,50.790001,51.240002,50.59
180,50.790001,51.240002,50.59,50.220001
181,51.240002,50.59,50.220001,50.41
182,50.59,50.220001,50.41,50.599998
183,50.220001,50.41,50.599998,50.27
184,50.41,50.599998,50.27,50.639999
185,50.599998,50.27,50.639999,51.720001
186,50.27,50.639999,51.720001,51.93
187,50.639999,51.720001,51.93,52.400002
188,51.720001,51.93,52.400002,52.709999
189,51.93,52.400002,52.709999,52.43
190,52.400002,52.709999,52.43,52.57
191,52.709999,52.43,52.57,52.299999
192,52.43,52.57,52.299999,52.419998
193,52.57,52.299999,52.419998,52.07
194,52.299999,52.419998,52.07,51.419998
195,52.419998,52.07,51.419998,50.200001
196,52.07,51.419998,50.200001,50.029999
197,51.419998,50.200001,50.029999,48.849998
198,50.200001,50.029999,48.849998,47.57
199,50.029999,48.849998,47.57,47.779999
200,48.849998,47.57,47.779999,47.779999
201,47.57,47.779999,47.779999,47.48
202,47.779999,47.779999,47.48,47
203,47.779999,47.48,47,48.029999
204,47.48,47,48.029999,47.98
205,47,48.029999,47.98,47.990002
206,48.029999,47.98,47.990002,48.279999
207,47.98,47.990002,48.279999,45.709999
208,47.990002,48.279999,45.709999,45.110001
209,48.279999,45.709999,45.110001,44.450001
210,45.709999,45.110001,44.450001,45.560001
211,45.110001,44.450001,45.560001,43.310001
212,44.450001,45.560001,43.310001,43.5
213,45.560001,43.310001,43.5,43.98
214,43.310001,43.5,43.98,43.98
215,43.5,43.98,43.98,46.27
216,43.98,43.98,46.27,45.73
217,43.98,46.27,45.73,44.080002
218,46.27,45.73,44.080002,44.369999
219,45.73,44.080002,44.369999,42.82
220,44.080002,44.369999,42.82,42.77
221,44.369999,42.82,42.77,42.139999
222,42.82,42.77,42.139999,43.150002
223,42.77,42.139999,43.150002,41.880001
224,42.139999,43.150002,41.880001,42.939999
225,43.150002,41.880001,42.939999,44.849998
226,41.880001,42.939999,44.849998,44.630001
227,42.939999,44.849998,44.630001,46.130001
228,44.849998,44.630001,46.130001,45.470001
229,44.630001,46.130001,45.470001,44.709999
230,46.130001,45.470001,44.709999,45.23
231,45.470001,44.709999,45.23,45.959999
232,44.709999,45.23,45.959999,45.369999
233,45.23,45.959999,45.369999,46.639999
234,45.959999,45.369999,46.639999,44.650002
235,45.369999,46.639999,44.650002,43.43
236,46.639999,44.650002,43.43,43.049999
237,44.650002,43.43,43.049999,42.16
238,43.43,43.049999,42.16,41.700001
239,43.049999,42.16,41.700001,41.5
240,42.16,41.700001,41.5,41.59
241,41.700001,41.5,41.59,41.41
242,41.5,41.59,41.41,41.919998
243,41.59,41.41,41.919998,42.279999
244,41.41,41.919998,42.279999,42.299999
245,41.919998,42.279999,42.299999,41.459999
246,42.279999,42.299999,41.459999,41.099998
247,42.299999,41.459999,41.099998,41.259998
248,41.459999,41.099998,41.259998,40.560001
249,41.099998,41.259998,40.560001,40.299999
250,41.259998,40.560001,40.299999,39.849998
251,40.560001,40.299999,39.849998,39.900002
252,40.299999,39.849998,39.900002,38.41
253,39.849998,39.900002,38.41,38.740002
254,39.900002,38.41,38.740002,39.299999
255,38.41,38.740002,39.299999,38.5
256,38.740002,39.299999,38.5,39.220001
257,39.299999,38.5,39.220001,37.880001
258,38.5,39.220001,37.880001,38.689999
259,39.220001,37.880001,38.689999,36.91
260,37.880001,38.689999,36.91,35.970001
261,38.689999,36.91,35.970001,37.389999
262,36.91,35.970001,37.389999,40.57
263,35.970001,37.389999,40.57,39.900002
264,37.389999,40.57,39.900002,39.48
265,40.57,39.900002,39.48,41.200001
266,39.900002,39.48,41.200001,41.939999
267,39.48,41.200001,41.939999,42.209999
268,41.200001,41.939999,42.209999,44.150002
269,41.939999,42.209999,44.150002,45.029999
270,42.209999,44.150002,45.029999,44.029999
271,44.150002,45.029999,44.029999,42.369999
272,45.029999,44.029999,42.369999,42.330002
273,44.029999,42.369999,42.330002,43.369999
274,42.369999,42.330002,43.369999,42.16
275,42.330002,43.369999,42.16,42.139999
276,43.369999,42.16,42.139999,42.82
277,42.16,42.139999,42.82,43.330002
278,42.139999,42.82,43.330002,42.240002
279,42.82,43.330002,42.240002,42.700001
280,43.330002,42.240002,42.700001,42.669998
281,42.240002,42.700001,42.669998,42.970001
282,42.700001,42.669998,42.970001,42.209999
283,42.669998,42.970001,42.209999,42.599998
284,42.970001,42.209999,42.599998,42.939999
285,42.209999,42.599998,42.939999,42.720001
286,42.599998,42.939999,42.720001,42.880001
287,42.939999,42.720001,42.880001,41.419998
288,42.720001,42.880001,41.419998,39.740002
289,42.880001,41.419998,39.740002,39.18
290,41.419998,39.740002,39.18,38.779999
291,39.740002,39.18,38.779999,37.549999
292,39.18,38.779999,37.549999,36.52
293,38.779999,37.549999,36.52,36.740002
294,37.549999,36.52,36.740002,35.310001
295,36.52,36.740002,35.310001,37.720001
296,36.740002,35.310001,37.720001,37.029999
297,35.310001,37.720001,37.029999,37.139999
298,37.720001,37.029999,37.139999,35.689999
299,37.029999,37.139999,35.689999,35.959999
300,37.139999,35.689999,35.959999,38.93
301,35.689999,35.959999,38.93,38.560001
302,35.959999,38.93,38.560001,41.860001
303,38.93,38.560001,41.860001,42.450001
304,38.560001,41.860001,42.450001,40.970001
305,41.860001,42.450001,40.970001,39.84
306,42.450001,40.970001,39.84,38.639999
307,40.970001,39.84,38.639999,38.07
308,39.84,38.639999,38.07,37.91
309,38.639999,38.07,37.91,40.860001
310,38.07,37.91,40.860001,40.299999
311,37.91,40.860001,40.299999,40.369999
312,40.860001,40.299999,40.369999,39.41
313,40.299999,40.369999,39.41,39.5
314,40.369999,39.41,39.5,38.380001
315,39.41,39.5,38.380001,37.93
316,39.5,38.380001,37.93,37.689999
317,38.380001,37.93,37.689999,36.939999
318,37.93,37.689999,36.939999,35.580002
319,37.689999,36.939999,35.580002,35.580002
320,36.939999,35.580002,35.580002,36.98
321,35.580002,35.580002,36.98,37.470001
322,35.580002,36.98,37.470001,38.560001
323,36.98,37.470001,38.560001,37.610001
324,37.470001,38.560001,37.610001,37
325,38.560001,37.610001,37,36.860001
326,37.610001,37,36.860001,37.869999
327,37,36.860001,37.869999,38.299999
328,36.860001,37.869999,38.299999,38.18
329,37.869999,38.299999,38.18,37.860001
330,38.299999,38.18,37.860001,37.540001
331,38.18,37.860001,37.540001,39.389999
332,37.860001,37.540001,39.389999,39.790001
333,37.540001,39.389999,39.790001,38.970001
334,39.389999,39.790001,38.970001,39.240002
335,39.790001,38.970001,39.240002,38
336,38.970001,39.240002,38,37.330002
337,39.240002,38,37.330002,36.650002
338,38,37.330002,36.650002,37.439999
339,37.330002,36.650002,37.439999,36.610001
340,36.650002,37.439999,36.610001,36.799999
341,37.439999,36.610001,36.799999,36.709999
342,36.610001,36.799999,36.709999,36.169998
343,36.799999,36.709999,36.169998,36.099998
344,36.709999,36.169998,36.099998,35.389999
345,36.169998,36.099998,35.389999,34.630001
346,36.099998,35.389999,34.630001,34.73
347,35.389999,34.630001,34.73,33.93
348,34.630001,34.73,33.93,34.169998
349,34.73,33.93,34.169998,33.869999
350,33.93,34.169998,33.869999,34.599998
351,34.169998,33.869999,34.599998,34.009998
352,33.869999,34.599998,34.009998,33.580002
353,34.599998,34.009998,33.580002,33.310001
354,34.009998,33.580002,33.310001,31.99
355,33.580002,33.310001,31.99,31.99
356,33.310001,31.99,31.99,30.5
357,31.99,31.99,30.5,29.610001
358,31.99,30.5,29.610001,29.620001
359,30.5,29.610001,29.620001,28.85
360,29.610001,29.620001,28.85,29.440001
361,29.620001,28.85,29.440001,29.780001
362,28.85,29.440001,29.780001,30.32
363,29.440001,29.780001,30.32,29.24
364,29.780001,30.32,29.24,28.370001
365,30.32,29.24,28.370001,28.139999
366,29.24,28.370001,28.139999,27.1
367,28.370001,28.139999,27.1,25.879999
368,28.139999,27.1,25.879999,26.620001
369,27.1,25.879999,26.620001,26.610001
370,25.879999,26.620001,26.610001,24.809999
371,26.620001,26.610001,24.809999,24.59
372,26.610001,24.809999,24.59,23.870001
373,24.809999,24.59,23.870001,23.809999
374,24.59,23.870001,23.809999,22.540001
375,23.870001,23.809999,22.540001,22.4
376,23.809999,22.540001,22.4,21.530001
377,22.540001,22.4,21.530001,23.540001
378,22.4,21.530001,23.540001,22.059999
379,21.530001,23.540001,22.059999,22.360001
380,23.540001,22.059999,22.360001,21.67
381,22.059999,22.360001,21.67,20.15
382,22.360001,21.67,20.15,18.52
383,21.67,20.15,18.52,22.67
384,20.15,18.52,22.67,26.5
385,18.52,22.67,26.5,27.49
386,22.67,26.5,27.49,28.559999
387,26.5,27.49,28.559999,32.349998
388,27.49,28.559999,32.349998,33.439999
389,28.559999,32.349998,33.439999,30.639999
390,32.349998,33.439999,30.639999,29.58
391,33.439999,30.639999,29.58,28.059999
392,30.639999,29.58,28.059999,32.220001
393,29.58,28.059999,32.220001,33.610001
394,28.059999,32.220001,33.610001,32.900002
395,32.220001,33.610001,32.900002,33.330002
396,33.610001,32.900002,33.330002,32.619999
397,32.900002,33.330002,32.619999,33.580002
398,33.330002,32.619999,33.580002,33.450001
399,32.619999,33.580002,33.450001,31.52
400,33.580002,33.450001,31.52,32.25
401,33.450001,31.52,32.25,33.380001
402,31.52,32.25,33.380001,31.129999
403,32.25,33.380001,31.129999,28.860001
404,33.380001,31.129999,28.860001,30.18
405,31.129999,28.860001,30.18,30.700001
406,28.860001,30.18,30.700001,29.299999
407,30.18,30.700001,29.299999,28.08
408,30.700001,29.299999,28.08,29.290001
409,29.299999,28.08,29.290001,29.040001
410,28.08,29.290001,29.040001,30.209999
411,29.290001,29.040001,30.209999,28.959999
412,29.040001,30.209999,28.959999,29.02
413,30.209999,28.959999,29.02,29.65
414,28.959999,29.02,29.65,31.43
415,29.02,29.65,31.43,31.139999
416,29.65,31.43,31.139999,32.630001
417,31.43,31.139999,32.630001,32.959999
418,31.139999,32.630001,32.959999,30.6
419,32.630001,32.959999,30.6,32.23
420,32.959999,30.6,32.23,34.73
421,30.6,32.23,34.73,32.52
422,32.23,34.73,32.52,32.400002
423,34.73,32.52,32.400002,33.060001
424,32.52,32.400002,33.060001,33.740002
425,32.400002,33.060001,33.740002,26.549999
426,33.060001,33.740002,26.549999,29.549999
427,33.740002,26.549999,29.549999,27.200001
428,26.549999,29.549999,27.200001,30.58
429,29.549999,27.200001,30.58,37.48
430,27.200001,30.58,37.48,34.150002
431,30.58,37.48,34.150002,33.299999
432,37.48,34.150002,33.299999,33.07
433,34.150002,33.299999,33.07,34.369999
434,33.299999,33.07,34.369999,36.700001
435,33.07,34.369999,36.700001,30.25
436,34.369999,36.700001,30.25,35
437,36.700001,30.25,35,38.130001
438,30.25,35,38.130001,36.369999
439,35,38.130001,36.369999,34.48
440,38.130001,36.369999,34.48,32.220001
441,36.369999,34.48,32.220001,23.77
442,34.48,32.220001,23.77,22.1
443,32.220001,23.77,22.1,19.629999
444,23.77,22.1,19.629999,20.870001
445,22.1,19.629999,20.870001,22.790001
446,19.629999,20.870001,22.790001,26.530001
447,20.870001,22.790001,26.530001,23.82
448,22.790001,26.530001,23.82,24.25
449,26.530001,23.82,24.25,23.24
450,23.82,24.25,23.24,24.4
451,24.25,23.24,24.4,23.969999
452,23.24,24.4,23.969999,22.66
453,24.4,23.969999,22.66,23
454,23.969999,22.66,23,21.07
455,22.66,23,21.07,20.530001
456,23,21.07,20.530001,23.02
457,21.07,20.530001,23.02,22.32
458,20.530001,23.02,22.32,22.780001
459,23.02,22.32,22.780001,24.17
460,22.32,22.780001,24.17,23.610001
461,22.780001,24.17,23.610001,24.530001
462,24.17,23.610001,24.530001,21.75
463,23.610001,24.530001,21.75,20.120001
464,24.530001,21.75,20.120001,20.49
465,21.75,20.120001,20.49,19.48
466,20.120001,20.49,19.48,18.690001
467,20.49,19.48,18.690001,17
468,19.48,18.690001,17,17.1
469,18.690001,17,17.1,16.42
470,17,17.1,16.42,15.03
471,17.1,16.42,15.03,15.19
472,16.42,15.03,15.19,13.06
473,15.03,15.19,13.06,11.25
474,15.19,13.06,11.25,11.47
475,13.06,11.25,11.47,14.59
476,11.25,11.47,14.59,14.8
477,11.47,14.59,14.8,15.43
478,14.59,14.8,15.43,16.25
479,14.8,15.43,16.25,12.85
480,15.43,16.25,12.85,14.37
481,16.25,12.85,14.37,15.05
482,12.85,14.37,15.05,14.34
483,14.37,15.05,14.34,15.24
484,15.05,14.34,15.24,17.84
485,14.34,15.24,17.84,16.950001
486,15.24,17.84,16.950001,16.690001
487,17.84,16.950001,16.690001,14.91
488,16.950001,16.690001,14.91,14.93
489,16.690001,14.91,14.93,14.11
490,14.91,14.93,14.11,15.1
491,14.93,14.11,15.1,14.62
492,14.11,15.1,14.62,13.96
493,15.1,14.62,13.96,13.8
494,14.62,13.96,13.8,13.53
495,13.96,13.8,13.53,12.75
496,13.8,13.53,12.75,13.53
497,13.53,12.75,13.53,13.36
498,12.75,13.53,13.36,12.94
499,13.53,13.36,12.94,13.24
500,13.36,12.94,13.24,14.08
501,12.94,13.24,14.08,14.33
502,13.24,14.08,14.33,13.98
503,14.08,14.33,13.98,14.28
504,14.33,13.98,14.28,13.71
505,13.98,14.28,13.71,13.54
506,14.28,13.71,13.54,12.99
507,13.71,13.54,12.99,11.43
508,13.54,12.99,11.43,10.65
509,12.99,11.43,10.65,10.2
510,11.43,10.65,10.2,8.32
511,10.65,10.2,8.32,7.18
512,10.2,8.32,7.18,5.1
513,8.32,7.18,5.1,6.68
514,7.18,5.1,6.68,5.71
515,5.1,6.68,5.71,6.24
516,6.68,5.71,6.24,6
517,5.71,6.24,6,6.5
518,6.24,6,6.5,7.39
519,6,6.5,7.39,6.78
520,6.5,7.39,6.78,6.58
521,7.39,6.78,6.58,6
522,6.78,6.58,6,5.3
523,6.58,6,5.3,4.7
524,6,5.3,4.7,4.84
525,5.3,4.7,4.84,6.13
526,4.7,4.84,6.13,6.89
527,4.84,6.13,6.89,5.56
528,6.13,6.89,5.56,6.07
529,6.89,5.56,6.07,5.87
530,5.56,6.07,5.87,5.57
531,6.07,5.87,5.57,4.9
532,5.87,5.57,4.9,4.57
533,5.57,4.9,4.57,3.93
534,4.9,4.57,3.93,3.79
535,4.57,3.93,3.79,3.91
536,3.93,3.79,3.91,4.73
537,3.79,3.91,4.73,5.16
538,3.91,4.73,5.16,5.32
539,4.73,5.16,5.32,3.95
540,5.16,5.32,3.95,3.63
541,5.32,3.95,3.63,3.65
542,3.95,3.63,3.65,3.59
543,3.63,3.65,3.59,3.17
544,3.65,3.59,3.17,3.14
545,3.59,3.17,3.14,3.75
546,3.17,3.14,3.75,4.79
547,3.14,3.75,4.79,4.93
548,3.75,4.79,4.93,5.85
549,4.79,4.93,5.85,5.76
550,4.93,5.85,5.76,6.18
551,5.85,5.76,6.18,6.27
552,5.76,6.18,6.27,7.67
553,6.18,6.27,7.67,6.93
554,6.27,7.67,6.93,6.19
555,7.67,6.93,6.19,7.8
556,6.93,6.19,7.8,7.22
557,6.19,7.8,7.22,7.7
558,7.8,7.22,7.7,7.58
559,7.22,7.7,7.58,7.34
560,7.7,7.58,7.34,6.03
561,7.58,7.34,6.03,6.82
562,7.34,6.03,6.82,7.05
563,6.03,6.82,7.05,7.24
564,6.82,7.05,7.24,7.6
565,7.05,7.24,7.6,7.48
566,7.24,7.6,7.48,7.36
567,7.6,7.48,7.36,7.06
568,7.48,7.36,7.06,9.55
569,7.36,7.06,9.55,11.02
570,7.06,9.55,11.02,10.09
571,9.55,11.02,10.09,10.44
572,11.02,10.09,10.44,10.34
573,10.09,10.44,10.34,10.6
574,10.44,10.34,10.6,8.02
575,10.34,10.6,8.02,8.76
576,10.6,8.02,8.76,8.26
577,8.02,8.76,8.26,8.82
578,8.76,8.26,8.82,9.1
579,8.26,8.82,9.1,8.92
580,8.82,9.1,8.92,8.15
581,9.1,8.92,8.15,8.68
582,8.92,8.15,8.68,8.93
583,8.15,8.68,8.93,8.7
584,8.68,8.93,8.7,10.38
585,8.93,8.7,10.38,10.84
586,8.7,10.38,10.84,12.69
587,10.38,10.84,12.69,13.51
588,10.84,12.69,13.51,14.17
589,12.69,13.51,14.17,12.94
590,13.51,14.17,12.94,12.26
591,14.17,12.94,12.26,11.01
592,12.94,12.26,11.01,11.31
593,12.26,11.01,11.31,10.67
594,11.01,11.31,10.67,11.73
595,11.31,10.67,11.73,11.25
596,10.67,11.73,11.25,11.49
597,11.73,11.25,11.49,11.41
598,11.25,11.49,11.41,11.07
599,11.49,11.41,11.07,10.98
600,11.41,11.07,10.98,10.91
601,11.07,10.98,10.91,11.3
602,10.98,10.91,11.3,11.27
603,10.91,11.3,11.27,11.21
604,11.3,11.27,11.21,11.41
605,11.27,11.21,11.41,11.21
606,11.21,11.41,11.21,11.87
607,11.41,11.21,11.87,11.86
608,11.21,11.87,11.86,12.06
609,11.87,11.86,12.06,12.06
610,11.86,12.06,12.06,11.98
611,12.06,12.06,11.98,12.97
612,12.06,11.98,12.97,13.72
613,11.98,12.97,13.72,13.33
614,12.97,13.72,13.33,12.73
615,13.72,13.33,12.73,12.3
616,13.33,12.73,12.3,12.9
617,12.73,12.3,12.9,13.22
618,12.3,12.9,13.22,11.94
619,12.9,13.22,11.94,12.23
620,13.22,11.94,12.23,12.35
621,11.94,12.23,12.35,12.35
622,12.23,12.35,12.35,12.75
623,12.35,12.35,12.75,13.19
624,12.35,12.75,13.19,13.2
625,12.75,13.19,13.2,13.05
626,13.19,13.2,13.05,12.64
627,13.2,13.05,12.64,12.15
628,13.05,12.64,12.15,12.15
629,12.64,12.15,12.15,11.84
630,12.15,12.15,11.84,11.97
631,12.15,11.84,11.97,11.88
632,11.84,11.97,11.88,12.99
633,11.97,11.88,12.99,12.91
634,11.88,12.99,12.91,13.42
635,12.99,12.91,13.42,13.17
636,12.91,13.42,13.17,12.89
637,13.42,13.17,12.89,12.24
638,13.17,12.89,12.24,12.19
639,12.89,12.24,12.19,12.23
640,12.24,12.19,12.23,12.69
641,12.19,12.23,12.69,12.51
642,12.23,12.69,12.51,13.09
643,12.69,12.51,13.09,13.34
644,12.51,13.09,13.34,13.52
645,13.09,13.34,13.52,13.97
646,13.34,13.52,13.97,14.79
647,13.52,13.97,14.79,15.32
648,13.97,14.79,15.32,15.64
649,14.79,15.32,15.64,16.66
650,15.32,15.64,16.66,16.700001
651,15.64,16.66,16.700001,16.42
652,16.66,16.700001,16.42,16.68
653,16.700001,16.42,16.68,15.85
654,16.42,16.68,15.85,15.93
655,16.68,15.85,15.93,17
656,15.85,15.93,17,17.389999
657,15.93,17,17.389999,16.559999
658,17,17.389999,16.559999,16.9
659,17.389999,16.559999,16.9,16.75
660,16.559999,16.9,16.75,17.139999
661,16.9,16.75,17.139999,17.459999
662,16.75,17.139999,17.459999,17.35
663,17.139999,17.459999,17.35,17.75
664,17.459999,17.35,17.75,17.790001
665,17.35,17.75,17.790001,17.92
666,17.75,17.790001,17.92,17.98
667,17.790001,17.92,17.98,17.59
668,17.92,17.98,17.59,16.459999
669,17.98,17.59,16.459999,16.27
670,17.59,16.459999,16.27,16.84
671,16.459999,16.27,16.84,17.09
672,16.27,16.84,17.09,17.02
673,16.84,17.09,17.02,17.040001
674,17.09,17.02,17.040001,17.219999
675,17.02,17.040001,17.219999,16.969999
676,17.040001,17.219999,16.969999,16.99
677,17.219999,16.969999,16.99,16.790001
678,16.969999,16.99,16.790001,17.25
679,16.99,16.790001,17.25,17.610001
680,16.790001,17.25,17.610001,17.629999
681,17.25,17.610001,17.629999,17.25
682,17.610001,17.629999,17.25,17.610001
683,17.629999,17.25,17.610001,17.5
684,17.25,17.610001,17.5,16.98
685,17.610001,17.5,16.98,16.6
686,17.5,16.98,16.6,17.219999
687,16.98,16.6,17.219999,17.16
688,16.6,17.219999,17.16,16.92
689,17.219999,17.16,16.92,16.209999
690,17.16,16.92,16.209999,16.34
691,16.92,16.209999,16.34,16.959999
692,16.209999,16.34,16.959999,17
693,16.34,16.959999,17,17.35
694,16.959999,17,17.35,17.33
695,17,17.35,17.33,17.5
696,17.35,17.33,17.5,18.030001
697,17.33,17.5,18.030001,17.809999
698,17.5,18.030001,17.809999,18.59
699,18.030001,17.809999,18.59,18.1
700,17.809999,18.59,18.1,17.26
701,18.59,18.1,17.26,17.16
702,18.1,17.26,17.16,17.01
703,17.26,17.16,17.01,16.51
704,17.16,17.01,16.51,16.52
705,17.01,16.51,16.52,16.219999
706,16.51,16.52,16.219999,15.4
707,16.52,16.219999,15.4,15.45
708,16.219999,15.4,15.45,15.01
709,15.4,15.45,15.01,15.73
710,15.45,15.01,15.73,14.58
711,15.01,15.73,14.58,14.63
712,15.73,14.58,14.63,14.8
713,14.58,14.63,14.8,14.7
714,14.63,14.8,14.7,15.13
715,14.8,14.7,15.13,15.05
716,14.7,15.13,15.05,15.77
717,15.13,15.05,15.77,16.030001
718,15.05,15.77,16.030001,16.43
719,15.77,16.030001,16.43,16.059999
720,16.030001,16.43,16.059999,15.98
721,16.43,16.059999,15.98,15.87
722,16.059999,15.98,15.87,15.77
723,15.98,15.87,15.77,16.35
724,15.87,15.77,16.35,16.08
725,15.77,16.35,16.08,16.09
726,16.35,16.08,16.09,16.290001
727,16.08,16.09,16.290001,16.1
728,16.09,16.290001,16.1,15.95
729,16.290001,16.1,15.95,15.47
730,16.1,15.95,15.47,15.85
731,15.95,15.47,15.85,15.9
732,15.47,15.85,15.9,15.65
733,15.85,15.9,15.65,15.76
734,15.9,15.65,15.76,16.280001
735,15.65,15.76,16.280001,15.89
736,15.76,16.280001,15.89,15.41
737,16.280001,15.89,15.41,15.39
738,15.89,15.41,15.39,15.21
739,15.41,15.39,15.21,15.63
740,15.39,15.21,15.63,15.63
741,15.21,15.63,15.63,15.19
742,15.63,15.63,15.19,15.28
743,15.63,15.19,15.28,14.86
744,15.19,15.28,14.86,15.03
745,15.28,14.86,15.03,15.28
746,14.86,15.03,15.28,15.33
747,15.03,15.28,15.33,15.19
748,15.28,15.33,15.19,15.25
749,15.33,15.19,15.25,15.29
750,15.19,15.25,15.29,15.12
751,15.25,15.29,15.12,15.07
752,15.29,15.12,15.07,15.06
753,15.12,15.07,15.06,15.69
754,15.07,15.06,15.69,16.200001
755,15.06,15.69,16.200001,16.389999
756,15.69,16.200001,16.389999,16.93
757,16.200001,16.389999,16.93,16.780001
758,16.389999,16.93,16.780001,16.93
759,16.93,16.780001,16.93,16.360001
760,16.780001,16.93,16.360001,16.620001
761,16.93,16.360001,16.620001,16.82
762,16.360001,16.620001,16.82,16.26
763,16.620001,16.82,16.26,16.32
764,16.82,16.26,16.32,16.49
765,16.26,16.32,16.49,15.47
766,16.32,16.49,15.47,14.9
767,16.49,15.47,14.9,14.98
768,15.47,14.9,14.98,14.77
769,14.9,14.98,14.77,15.19
770,14.98,14.77,15.19,15.37
771,14.77,15.19,15.37,15.18
772,15.19,15.37,15.18,15.42
773,15.37,15.18,15.42,15.6
774,15.18,15.42,15.6,15.53
775,15.42,15.6,15.53,14.75
776,15.6,15.53,14.75,15
777,15.53,14.75,15,14.48
778,14.75,15,14.48,14.47
779,15,14.48,14.47,14.67
780,14.48,14.47,14.67,14.63
781,14.47,14.67,14.63,14.45
782,14.67,14.63,14.45,15.16
783,14.63,14.45,15.16,15.66
784,14.45,15.16,15.66,15.88
785,15.16,15.66,15.88,15.88
786,15.66,15.88,15.88,16.209999
787,15.88,15.88,16.209999,15.94
788,15.88,16.209999,15.94,16.33
789,16.209999,15.94,16.33,16.549999
790,15.94,16.33,16.549999,16.66
791,16.33,16.549999,16.66,16.709999
792,16.549999,16.66,16.709999,16.459999
793,16.66,16.709999,16.459999,16.370001
794,16.709999,16.459999,16.370001,16.4
795,16.459999,16.370001,16.4,16.700001
796,16.370001,16.4,16.700001,16.74
797,16.4,16.700001,16.74,16.799999
798,16.700001,16.74,16.799999,17.110001
799,16.74,16.799999,17.110001,17.120001
800,16.799999,17.110001,17.120001,16.85
801,17.110001,17.120001,16.85,16.85
802,17.120001,16.85,16.85,17.030001
803,16.85,16.85,17.030001,17.27
804,16.85,17.030001,17.27,17.08
805,17.030001,17.27,17.08,16.82
806,17.27,17.08,16.82,16.959999
807,17.08,16.82,16.959999,17.129999
808,16.82,16.959999,17.129999,17.57
809,16.959999,17.129999,17.57,17.74
810,17.129999,17.57,17.74,17.9
811,17.57,17.74,17.9,18.040001
812,17.74,17.9,18.040001,17.76
813,17.9,18.040001,17.76,17.85
814,18.040001,17.76,17.85,18.040001
815,17.76,17.85,18.040001,18.129999
816,17.85,18.040001,18.129999,18.49
817,18.040001,18.129999,18.49,18.620001
818,18.129999,18.49,18.620001,18.65
819,18.49,18.620001,18.65,18.59
820,18.620001,18.65,18.59,18.66
821,18.65,18.59,18.66,18.67
822,18.59,18.66,18.67,19.4
823,18.66,18.67,19.4,19.48
824,18.67,19.4,19.48,18.41
825,19.4,19.48,18.41,18.389999
826,19.48,18.41,18.389999,18.610001
827,18.41,18.389999,18.610001,18.280001
828,18.389999,18.610001,18.280001,18.540001
829,18.610001,18.280001,18.540001,18.43
830,18.280001,18.540001,18.43,18.049999
831,18.540001,18.43,18.049999,17.469999
832,18.43,18.049999,17.469999,17.780001
833,18.049999,17.469999,17.780001,18.299999
834,17.469999,17.780001,18.299999,17.83
835,17.780001,18.299999,17.83,18.059999
836,18.299999,17.83,18.059999,17.559999
837,17.83,18.059999,17.559999,17.530001
838,18.059999,17.559999,17.530001,16.280001
839,17.559999,17.530001,16.280001,16.18
840,17.530001,16.280001,16.18,17.299999
841,16.280001,16.18,17.299999,17.16
842,16.18,17.299999,17.16,17.07
843,17.299999,17.16,17.07,16.870001
844,17.16,17.07,16.870001,16.34
845,17.07,16.870001,16.34,16.35
846,16.870001,16.34,16.35,15.95
847,16.34,16.35,15.95,16.309999
848,16.35,15.95,16.309999,15.3
849,15.95,16.309999,15.3,15.99
850,16.309999,15.3,15.99,15.4
851,15.3,15.99,15.4,15.49
852,15.99,15.4,15.49,15.47
853,15.4,15.49,15.47,16.18
854,15.49,15.47,16.18,15.74
855,15.47,16.18,15.74,15.44
856,16.18,15.74,15.44,15.89
857,15.74,15.44,15.89,15.81
858,15.44,15.89,15.81,15.35
859,15.89,15.81,15.35,14.83
860,15.81,15.35,14.83,15.33
861,15.35,14.83,15.33,15.01
862,14.83,15.33,15.01,15.46
863,15.33,15.01,15.46,15.6
864,15.01,15.46,15.6,15.41
865,15.46,15.6,15.41,15.8
866,15.6,15.41,15.8,15.87
867,15.41,15.8,15.87,15.82
868,15.8,15.87,15.82,15.82
869,15.87,15.82,15.82,15.79
870,15.82,15.82,15.79,15.58
871,15.82,15.79,15.58,15.43
872,15.79,15.58,15.43,15.02
873,15.58,15.43,15.02,15.42
874,15.43,15.02,15.42,15.24
875,15.02,15.42,15.24,14.57
876,15.42,15.24,14.57,14.37
877,15.24,14.57,14.37,14.02
878,14.57,14.37,14.02,13.84
879,14.37,14.02,13.84,14.06
880,14.02,13.84,14.06,14.71
881,13.84,14.06,14.71,14.86
882,14.06,14.71,14.86,15.11
883,14.71,14.86,15.11,15.21
884,14.86,15.11,15.21,15.67
885,15.11,15.21,15.67,15.67
886,15.21,15.67,15.67,15.39
887,15.67,15.67,15.39,13.98
888,15.67,15.39,13.98,13.61
889,15.39,13.98,13.61,13.77
890,13.98,13.61,13.77,13.36
891,13.61,13.77,13.36,13.66
892,13.77,13.36,13.66,13.74
893,13.36,13.66,13.74,14.15
894,13.66,13.74,14.15,14.19
895,13.74,14.15,14.19,13.99
896,14.15,14.19,13.99,14.03
897,14.19,13.99,14.03,14.04
898,13.99,14.03,14.04,14.44
899,14.03,14.04,14.44,14.34
900,14.04,14.44,14.34,14.19
901,14.44,14.34,14.19,14.02
902,14.34,14.19,14.02,13.96
903,14.19,14.02,13.96,13.91
904,14.02,13.96,13.91,13.63
905,13.96,13.91,13.63,13.19
906,13.91,13.63,13.19,13.06
907,13.63,13.19,13.06,13.23
908,13.19,13.06,13.23,13.19
909,13.06,13.23,13.19,13.21
910,13.23,13.19,13.21,13.32
911,13.19,13.21,13.32,13.02
912,13.21,13.32,13.02,12.87
913,13.32,13.02,12.87,12.87
914,13.02,12.87,12.87,12.64
915,12.87,12.87,12.64,12.66
916,12.87,12.64,12.66,12.47
917,12.64,12.66,12.47,12.64
918,12.66,12.47,12.64,12.32
919,12.47,12.64,12.32,12.46
920,12.64,12.32,12.46,13.21
921,12.32,12.46,13.21,13.28
922,12.46,13.21,13.28,13.5
923,13.21,13.28,13.5,13.21
924,13.28,13.5,13.21,13.37
925,13.5,13.21,13.37,13.5
926,13.21,13.37,13.5,13.55
927,13.37,13.5,13.55,13.95
928,13.5,13.55,13.95,13.68
929,13.55,13.95,13.68,13.71
930,13.95,13.68,13.71,13.55
931,13.68,13.71,13.55,13.4
932,13.71,13.55,13.4,13.74
933,13.55,13.4,13.74,13.65
934,13.4,13.74,13.65,13.42
935,13.74,13.65,13.42,13.17
936,13.65,13.42,13.17,13.6
937,13.42,13.17,13.6,13.24
938,13.17,13.6,13.24,13.27
939,13.6,13.24,13.27,13.11
940,13.24,13.27,13.11,13.1
941,13.27,13.11,13.1,13.3
942,13.11,13.1,13.3,13.15
943,13.1,13.3,13.15,13.56
944,13.3,13.15,13.56,13.39
945,13.15,13.56,13.39,13.31
946,13.56,13.39,13.31,13.18
947,13.39,13.31,13.18,13.15
948,13.31,13.18,13.15,13.52
949,13.18,13.15,13.52,13.29
950,13.15,13.52,13.29,12.6
951,13.52,13.29,12.6,11.98
952,13.29,12.6,11.98,12.34
953,12.6,11.98,12.34,11.8
954,11.98,12.34,11.8,11.75
955,12.34,11.8,11.75,11.36
956,11.8,11.75,11.36,11.44
957,11.75,11.36,11.44,11.16
958,11.36,11.44,11.16,11.3
959,11.44,11.16,11.3,11.54
960,11.16,11.3,11.54,11.53
961,11.3,11.54,11.53,11.45
962,11.54,11.53,11.45,11.5
963,11.53,11.45,11.5,11.4
964,11.45,11.5,11.4,11.52
965,11.5,11.4,11.52,12.13
966,11.4,11.52,12.13,12.36
967,11.52,12.13,12.36,12.6
968,12.13,12.36,12.6,12.27
969,12.36,12.6,12.27,12.57
970,12.6,12.27,12.57,12.37
971,12.27,12.57,12.37,12.12
972,12.57,12.37,12.12,12.1
973,12.37,12.12,12.1,11.94
974,12.12,12.1,11.94,11.62
975,12.1,11.94,11.62,11.7
976,11.94,11.62,11.7,11.66
977,11.62,11.7,11.66,11.3
978,11.7,11.66,11.3,11.09
979,11.66,11.3,11.09,11.28
980,11.3,11.09,11.28,11.12
981,11.09,11.28,11.12,11.31
982,11.28,11.12,11.31,10.95
983,11.12,11.31,10.95,11.29
984,11.31,10.95,11.29,11.68
985,10.95,11.29,11.68,11.86
986,11.29,11.68,11.86,11.64
987,11.68,11.86,11.64,11.57
988,11.86,11.64,11.57,12
989,11.64,11.57,12,12.65
990,11.57,12,12.65,12.8
991,12,12.65,12.8,12.54
992,12.65,12.8,12.54,12.4
993,12.8,12.54,12.4,12.29
994,12.54,12.4,12.29,12.52
995,12.4,12.29,12.52,12.57
996,12.29,12.52,12.57,12.62
997,12.52,12.57,12.62,12.98
998,12.57,12.62,12.98,13.38
999,12.62,12.98,13.38,13.06
1000,12.98,13.38,13.06,13.27
1001,13.38,13.06,13.27,13.34
1002,13.06,13.27,13.34,13.31
1003,13.27,13.34,13.31,13.28
1004,13.34,13.31,13.28,13.34
1005,13.31,13.28,13.34,14.19
1006,13.28,13.34,14.19,14.24
1007,13.34,14.19,14.24,14.5
1008,14.19,14.24,14.5,14.44
1009,14.24,14.5,14.44,14.25
1010,14.5,14.44,14.25,14.4
1011,14.44,14.25,14.4,14.69
1012,14.25,14.4,14.69,14.99
1013,14.4,14.69,14.99,14.77
1014,14.69,14.99,14.77,15.25
1015,14.99,14.77,15.25,15
1016,14.77,15.25,15,14.37
1017,15.25,15,14.37,14.54
1018,15,14.37,14.54,14.25
1019,14.37,14.54,14.25,13.92
1020,14.54,14.25,13.92,13.63
1021,14.25,13.92,13.63,13.55
1022,13.92,13.63,13.55,13.67
1023,13.63,13.55,13.67,13.6
1024,13.55,13.67,13.6,13.73
1025,13.67,13.6,13.73,14.31
1026,13.6,13.73,14.31,14.24
1027,13.73,14.31,14.24,14.43
1028,14.31,14.24,14.43,14.29
1029,14.24,14.43,14.29,14.67
1030,14.43,14.29,14.67,14.61
1031,14.29,14.67,14.61,14.64
1032,14.67,14.61,14.64,14.49
1033,14.61,14.64,14.49,14.77
1034,14.64,14.49,14.77,14.89
1035,14.49,14.77,14.89,14.77
1036,14.77,14.89,14.77,14.84
1037,14.89,14.77,14.84,14.81
1038,14.77,14.84,14.81,14.75
1039,14.84,14.81,14.75,14.18
1040,14.81,14.75,14.18,14.17
1041,14.75,14.18,14.17,13.97
1042,14.18,14.17,13.97,14.2
1043,14.17,13.97,14.2,14.29
1044,13.97,14.2,14.29,13.93
1045,14.2,14.29,13.93,13.83
1046,14.29,13.93,13.83,14.27
1047,13.93,13.83,14.27,14.12
1048,13.83,14.27,14.12,14.03
1049,14.27,14.12,14.03,14.69
1050,14.12,14.03,14.69,14.59
1051,14.03,14.69,14.59,14.26
1052,14.69,14.59,14.26,14.38
1053,14.59,14.26,14.38,14.23
1054,14.26,14.38,14.23,13.96
1055,14.38,14.23,13.96,13.69
1056,14.23,13.96,13.69,13.98
1057,13.96,13.69,13.98,14.04
1058,13.69,13.98,14.04,14.05
1059,13.98,14.04,14.05,13.88
1060,14.04,14.05,13.88,13.65
1061,14.05,13.88,13.65,13.48
1062,13.88,13.65,13.48,13.34
1063,13.65,13.48,13.34,13.37
1064,13.48,13.34,13.37,13.35
1065,13.34,13.37,13.35,13.45
1066,13.37,13.35,13.45,13.33
1067,13.35,13.45,13.33,13.37
1068,13.45,13.33,13.37,13.44
1069,13.33,13.37,13.44,13.47
1070,13.37,13.44,13.47,13.72
1071,13.44,13.47,13.72,13.61
1072,13.47,13.72,13.61,13.48
1073,13.72,13.61,13.48,13.49
1074,13.61,13.48,13.49,13.47
1075,13.48,13.49,13.47,13.27
1076,13.49,13.47,13.27,13.13
1077,13.47,13.27,13.13,12.82
1078,13.27,13.13,12.82,12.42
1079,13.13,12.82,12.42,12.34
1080,12.82,12.42,12.34,12.27
1081,12.42,12.34,12.27,12.31
1082,12.34,12.27,12.31,12.44
1083,12.27,12.31,12.44,12.23
1084,12.31,12.44,12.23,12.33
1085,12.44,12.23,12.33,12.42
1086,12.23,12.33,12.42,12.28
1087,12.33,12.42,12.28,12.34
1088,12.42,12.28,12.34,12.6
1089,12.28,12.34,12.6,12.49
1090,12.34,12.6,12.49,12.3
1091,12.6,12.49,12.3,12.31
1092,12.49,12.3,12.31,12.18
1093,12.3,12.31,12.18,12.28
1094,12.31,12.18,12.28,12.25
1095,12.18,12.28,12.25,12.2
1096,12.28,12.25,12.2,11.93
1097,12.25,12.2,11.93,11.86
1098,12.2,11.93,11.86,11.9
1099,11.93,11.86,11.9,11.79
1100,11.86,11.9,11.79,11.69
1101,11.9,11.79,11.69,11.58
1102,11.79,11.69,11.58,11.42
1103,11.69,11.58,11.42,11.46
1104,11.58,11.42,11.46,11.38
1105,11.42,11.46,11.38,11.46
1106,11.46,11.38,11.46,11.69
1107,11.38,11.46,11.69,11.75
1108,11.46,11.69,11.75,11.24
1109,11.69,11.75,11.24,11.29
1110,11.75,11.24,11.29,11.28
1111,11.24,11.29,11.28,10.83
1112,11.29,11.28,10.83,10.65
1113,11.28,10.83,10.65,10.54
1114,10.83,10.65,10.54,10.65
1115,10.65,10.54,10.65,10.8
1116,10.54,10.65,10.8,10.97
1117,10.65,10.8,10.97,10.8
1118,10.8,10.97,10.8,10.5
1119,10.97,10.8,10.5,10.6
1120,10.8,10.5,10.6,10.68
1121,10.5,10.6,10.68,10.6
1122,10.6,10.68,10.6,10.83
1123,10.68,10.6,10.83,10.79
1124,10.6,10.83,10.79,10.71
1125,10.83,10.79,10.71,10.52
1126,10.79,10.71,10.52,10.85
1127,10.71,10.52,10.85,10.82
1128,10.52,10.85,10.82,11.14
1129,10.85,10.82,11.14,10.96
1130,10.82,11.14,10.96,11.09
1131,11.14,10.96,11.09,11
1132,10.96,11.09,11,10.74
1133,11.09,11,10.74,10.92
1134,11,10.74,10.92,10.7
1135,10.74,10.92,10.7,10.35
1136,10.92,10.7,10.35,10.21
1137,10.7,10.35,10.21,10.2
1138,10.35,10.21,10.2,10.07
1139,10.21,10.2,10.07,10
1140,10.2,10.07,10,9.72
1141,10.07,10,9.72,9.57
1142,10,9.72,9.57,9.85
1143,9.72,9.57,9.85,10.23
1144,9.57,9.85,10.23,10.13
1145,9.85,10.23,10.13,10.01
1146,10.23,10.13,10.01,10
1147,10.13,10.01,10,9.68
1148,10.01,10,9.68,9.79
1149,10,9.68,9.79,9.71
1150,9.68,9.79,9.71,9.81
1151,9.79,9.71,9.81,9.49
1152,9.71,9.81,9.49,9.54
1153,9.81,9.49,9.54,8.83
1154,9.49,9.54,8.83,8.17
1155,9.54,8.83,8.17,6.51
1156,8.83,8.17,6.51,7.6
1157,8.17,6.51,7.6,6.77
1158,6.51,7.6,6.77,7.25
1159,7.6,6.77,7.25,7.19
1160,6.77,7.25,7.19,7.76
1161,7.25,7.19,7.76,7.4
1162,7.19,7.76,7.4,7.46
1163,7.76,7.4,7.46,7.01
1164,7.4,7.46,7.01,6.97
1165,7.46,7.01,6.97,6.42
1166,7.01,6.97,6.42,6.3
1167,6.97,6.42,6.3,6.99
1168,6.42,6.3,6.99,7.65
1169,6.3,6.99,7.65,7.76
1170,6.99,7.65,7.76,8.39
1171,7.65,7.76,8.39,8.12
1172,7.76,8.39,8.12,8.17
1173,8.39,8.12,8.17,7.91
1174,8.12,8.17,7.91,7.25
1175,8.17,7.91,7.25,6.99
1176,7.91,7.25,6.99,7.48
1177,7.25,6.99,7.48,7.2
1178,6.99,7.48,7.2,6.98
1179,7.48,7.2,6.98,7.05
1180,7.2,6.98,7.05,7
1181,6.98,7.05,7,7.05
1182,7.05,7,7.05,7.33
1183,7,7.05,7.33,7.23
1184,7.05,7.33,7.23,6.99
1185,7.33,7.23,6.99,6.9
1186,7.23,6.99,6.9,6.38
1187,6.99,6.9,6.38,6.06
1188,6.9,6.38,6.06,6.31
1189,6.38,6.06,6.31,6.6
1190,6.06,6.31,6.6,6.48
1191,6.31,6.6,6.48,6.16
1192,6.6,6.48,6.16,6.35
1193,6.48,6.16,6.35,6.12
1194,6.16,6.35,6.12,5.53
1195,6.35,6.12,5.53,5.76
1196,6.12,5.53,5.76,5.77
1197,5.53,5.76,5.77,6.28
1198,5.76,5.77,6.28,5.9
1199,5.77,6.28,5.9,6.28
1200,6.28,5.9,6.28,6.37
1201,5.9,6.28,6.37,6.58
1202,6.28,6.37,6.58,6.22
1203,6.37,6.58,6.22,6.19
1204,6.58,6.22,6.19,6.03
1205,6.22,6.19,6.03,6.64
1206,6.19,6.03,6.64,6.4
1207,6.03,6.64,6.4,6.47
1208,6.64,6.4,6.47,6.46
1209,6.4,6.47,6.46,6.72
1210,6.47,6.46,6.72,6.46
1211,6.46,6.72,6.46,6.59
1212,6.72,6.46,6.59,7.22
1213,6.46,6.59,7.22,7.35
1214,6.59,7.22,7.35,6.83
1215,7.22,7.35,6.83,6.4
1216,7.35,6.83,6.4,6.72
1217,6.83,6.4,6.72,6.91
1218,6.4,6.72,6.91,6.49
1219,6.72,6.91,6.49,6.45
1220,6.91,6.49,6.45,6.53
1221,6.49,6.45,6.53,6.16
1222,6.45,6.53,6.16,6.03
1223,6.53,6.16,6.03,6.21
1224,6.16,6.03,6.21,6.05
1225,6.03,6.21,6.05,6.13
1226,6.21,6.05,6.13,5.9
1227,6.05,6.13,5.9,5.8
1228,6.13,5.9,5.8,5.78
1229,5.9,5.8,5.78,5.49
1230,5.8,5.78,5.49,5.37
1231,5.78,5.49,5.37,5.14
1232,5.49,5.37,5.14,5.17
1233,5.37,5.14,5.17,5.25
1234,5.14,5.17,5.25,5.08
1235,5.17,5.25,5.08,5.44
1236,5.25,5.08,5.44,5.53
1237,5.08,5.44,5.53,5.64
1238,5.44,5.53,5.64,5.79
1239,5.53,5.64,5.79,5.78
1240,5.64,5.79,5.78,5.89
1241,5.79,5.78,5.89,5.59
1242,5.78,5.89,5.59,5.72
1243,5.89,5.59,5.72,5.45
1244,5.59,5.72,5.45,5.32
1245,5.72,5.45,5.32,5.23
1246,5.45,5.32,5.23,5.26
1247,5.32,5.23,5.26,5.2
1248,5.23,5.26,5.2,4.99
1249,5.26,5.2,4.99,5.17
1250,5.2,4.99,5.17,5.23
1251,4.99,5.17,5.23,5.47
1252,5.17,5.23,5.47,5.6
1253,5.23,5.47,5.6,5.48
1254,5.47,5.6,5.48,5.29
1255,5.6,5.48,5.29,5.46
1256,5.48,5.29,5.46,5.56
1257,5.29,5.46,5.56,5.8
1258,5.46,5.56,5.8,5.81
1259,5.56,5.8,5.81,6.31
1260,5.8,5.81,6.31,6.18
1261,5.81,6.31,6.18,6.27
1262,6.31,6.18,6.27,6.63
1263,6.18,6.27,6.63,6.87
1264,6.27,6.63,6.87,6.79
1265,6.63,6.87,6.79,6.61
1266,6.87,6.79,6.61,6.48
1267,6.79,6.61,6.48,6.8
1268,6.61,6.48,6.8,6.96
1269,6.48,6.8,6.96,7.07
1270,6.8,6.96,7.07,7.25
1271,6.96,7.07,7.25,7.29
1272,7.07,7.25,7.29,7.35
1273,7.25,7.29,7.35,7.3
1274,7.29,7.35,7.3,7.29
1275,7.35,7.3,7.29,7.07
1276,7.3,7.29,7.07,7.13
1277,7.29,7.07,7.13,7.36
1278,7.07,7.13,7.36,7.45
1279,7.13,7.36,7.45,7.84
1280,7.36,7.45,7.84,7.97
1281,7.45,7.84,7.97,7.85
1282,7.84,7.97,7.85,8.13
1283,7.97,7.85,8.13,8.18
1284,7.85,8.13,8.18,8.07
1285,8.13,8.18,8.07,8.25
1286,8.18,8.07,8.25,7.98
1287,8.07,8.25,7.98,7.78
1288,8.25,7.98,7.78,8.09
1289,7.98,7.78,8.09,8.02
1290,7.78,8.09,8.02,8.11
1291,8.09,8.02,8.11,7.95
1292,8.02,8.11,7.95,8.02
1293,8.11,7.95,8.02,7.88
1294,7.95,8.02,7.88,8.04
1295,8.02,7.88,8.04,8.12
1296,7.88,8.04,8.12,7.97
1297,8.04,8.12,7.97,8.12
1298,8.12,7.97,8.12,8.13
1299,7.97,8.12,8.13,7.97
1300,8.12,8.13,7.97,7.71
1301,8.13,7.97,7.71,8.02
1302,7.97,7.71,8.02,8.06
1303,7.71,8.02,8.06,8.05
1304,8.02,8.06,8.05,7.99
1305,8.06,8.05,7.99,8.49
1306,8.05,7.99,8.49,8.84
1307,7.99,8.49,8.84,9.24
1308,8.49,8.84,9.24,9.8
1309,8.84,9.24,9.8,9.53
1310,9.24,9.8,9.53,9.81
1311,9.8,9.53,9.81,9.82
1312,9.53,9.81,9.82,9.6
1313,9.81,9.82,9.6,9.85
1314,9.82,9.6,9.85,9.93
1315,9.6,9.85,9.93,9.6
1316,9.85,9.93,9.6,9.75
1317,9.93,9.6,9.75,9.53
1318,9.6,9.75,9.53,9.57
1319,9.75,9.53,9.57,9.68
1320,9.53,9.57,9.68,9.49
1321,9.57,9.68,9.49,9.2
1322,9.68,9.49,9.2,9.23
1323,9.49,9.2,9.23,8.93
1324,9.2,9.23,8.93,8.54
1325,9.23,8.93,8.54,8.86
1326,8.93,8.54,8.86,9.17
1327,8.54,8.86,9.17,8.68
1328,8.86,9.17,8.68,8.79
1329,9.17,8.68,8.79,8.92
1330,8.68,8.79,8.92,8.92
1331,8.79,8.92,8.92,8.77
1332,8.92,8.92,8.77,8.36
1333,8.92,8.77,8.36,8.18
1334,8.77,8.36,8.18,8.21
1335,8.36,8.18,8.21,8.26
1336,8.18,8.21,8.26,8.27
1337,8.21,8.26,8.27,8.25
1338,8.26,8.27,8.25,8.11
1339,8.27,8.25,8.11,8.31
1340,8.25,8.11,8.31,8.16
1341,8.11,8.31,8.16,8
1342,8.31,8.16,8,7.74
1343,8.16,8,7.74,7.96
1344,8,7.74,7.96,7.79
1345,7.74,7.96,7.79,7.73
1346,7.96,7.79,7.73,7.7
1347,7.79,7.73,7.7,7.55
1348,7.73,7.7,7.55,7.35
1349,7.7,7.55,7.35,7.3
1350,7.55,7.35,7.3,7.11
1351,7.35,7.3,7.11,6.98
1352,7.3,7.11,6.98,7.02
1353,7.11,6.98,7.02,6.83
1354,6.98,7.02,6.83,6.98
1355,7.02,6.83,6.98,7.17
1356,6.83,6.98,7.17,7.14
1357,6.98,7.17,7.14,7.15
1358,7.17,7.14,7.15,7.44
1359,7.14,7.15,7.44,7.2
1360,7.15,7.44,7.2,7.35
1361,7.44,7.2,7.35,7.02
1362,7.2,7.35,7.02,6.9
1363,7.35,7.02,6.9,7.1
1364,7.02,6.9,7.1,7.64
1365,6.9,7.1,7.64,7.42
1366,7.1,7.64,7.42,7.56
1367,7.64,7.42,7.56,7.28
1368,7.42,7.56,7.28,7.49
1369,7.56,7.28,7.49,7.5
1370,7.28,7.49,7.5,7.66
1371,7.49,7.5,7.66,7.9
1372,7.5,7.66,7.9,7.76
1373,7.66,7.9,7.76,8.11
1374,7.9,7.76,8.11,8.14
1375,7.76,8.11,8.14,7.82
1376,8.11,8.14,7.82,7.94
1377,8.14,7.82,7.94,7.6
1378,7.82,7.94,7.6,7.62
1379,7.94,7.6,7.62,7.77
1380,7.6,7.62,7.77,7.74
1381,7.62,7.77,7.74,8.18
1382,7.77,7.74,8.18,8.05
1383,7.74,8.18,8.05,8.06
1384,8.18,8.05,8.06,7.82
1385,8.05,8.06,7.82,7.66
1386,8.06,7.82,7.66,7.56
1387,7.82,7.66,7.56,7.48
1388,7.66,7.56,7.48,7.63
1389,7.56,7.48,7.63,7.48
1390,7.48,7.63,7.48,7.82
1391,7.63,7.48,7.82,7.81
1392,7.48,7.82,7.81,7.92
1393,7.82,7.81,7.92,7.53
1394,7.81,7.92,7.53,7.26
1395,7.92,7.53,7.26,7.07
1396,7.53,7.26,7.07,7.09
1397,7.26,7.07,7.09,7.04
1398,7.07,7.09,7.04,7.07
1399,7.09,7.04,7.07,7.17
1400,7.04,7.07,7.17,7.31
1401,7.07,7.17,7.31,7.28
1402,7.17,7.31,7.28,7.34
1403,7.31,7.28,7.34,7.22
1404,7.28,7.34,7.22,7.18
1405,7.34,7.22,7.18,7.43
1406,7.22,7.18,7.43,7.64
1407,7.18,7.43,7.64,7.67
1408,7.43,7.64,7.67,7.67
1409,7.64,7.67,7.67,7.72
1410,7.67,7.67,7.72,7.74
1411,7.67,7.72,7.74,7.72
1412,7.72,7.74,7.72,7.78
1413,7.74,7.72,7.78,7.87
1414,7.72,7.78,7.87,7.93
1415,7.78,7.87,7.93,8
1416,7.87,7.93,8,8.15
1417,7.93,8,8.15,8.19
1418,8,8.15,8.19,8.22
1419,8.15,8.19,8.22,8.15
1420,8.19,8.22,8.15,8.16
1421,8.22,8.15,8.16,8.07
1422,8.15,8.16,8.07,7.96
1423,8.16,8.07,7.96,8
1424,8.07,7.96,8,7.91
1425,7.96,8,7.91,7.99
1426,8,7.91,7.99,8
1427,7.91,7.99,8,7.95
1428,7.99,8,7.95,8.35
1429,8,7.95,8.35,8.8
1430,7.95,8.35,8.8,8.58
1431,8.35,8.8,8.58,9.03
1432,8.8,8.58,9.03,8.97
1433,8.58,9.03,8.97,9.4
1434,9.03,8.97,9.4,9.55
1435,8.97,9.4,9.55,9.3
1436,9.4,9.55,9.3,9.23
1437,9.55,9.3,9.23,9.29
1438,9.3,9.23,9.29,9.19
1439,9.23,9.29,9.19,9.11
1440,9.29,9.19,9.11,9.1
1441,9.19,9.11,9.1,8.93
1442,9.11,9.1,8.93,8.82
1443,9.1,8.93,8.82,8.97
1444,8.93,8.82,8.97,8.83
1445,8.82,8.97,8.83,8.96
1446,8.97,8.83,8.96,8.93
1447,8.83,8.96,8.93,9.11
1448,8.96,8.93,9.11,9.41
1449,8.93,9.11,9.41,9.32
1450,9.11,9.41,9.32,9.28
1451,9.41,9.32,9.28,9.21
1452,9.32,9.28,9.21,9.21
1453,9.28,9.21,9.21,9.34
1454,9.21,9.21,9.34,9.12
1455,9.21,9.34,9.12,9.44
1456,9.34,9.12,9.44,9.46
1457,9.12,9.44,9.46,9.44
1458,9.44,9.46,9.44,9.47
1459,9.46,9.44,9.47,9.44
1460,9.44,9.47,9.44,9.55
1461,9.47,9.44,9.55,9.36
1462,9.44,9.55,9.36,9.31
1463,9.55,9.36,9.31,9.24
1464,9.36,9.31,9.24,9.12
1465,9.31,9.24,9.12,9.32
1466,9.24,9.12,9.32,9.74
1467,9.12,9.32,9.74,9.85
1468,9.32,9.74,9.85,9.75
1469,9.74,9.85,9.75,9.94
1470,9.85,9.75,9.94,9.23
1471,9.75,9.94,9.23,9.39
1472,9.94,9.23,9.39,9.43
1473,9.23,9.39,9.43,9.39
1474,9.39,9.43,9.39,9.33
1475,9.43,9.39,9.33,8.99
1476,9.39,9.33,8.99,9.09
1477,9.33,8.99,9.09,9.12
1478,8.99,9.09,9.12,9.49
1479,9.09,9.12,9.49,9.63
1480,9.12,9.49,9.63,9.77
1481,9.49,9.63,9.77,9.9
1482,9.63,9.77,9.9,9.84
1483,9.77,9.9,9.84,9.66
1484,9.9,9.84,9.66,9.76
1485,9.84,9.66,9.76,9.83
1486,9.66,9.76,9.83,9.86
1487,9.76,9.83,9.86,9.8
1488,9.83,9.86,9.8,9.91
1489,9.86,9.8,9.91,10.46
1490,9.8,9.91,10.46,10.46
1491,9.91,10.46,10.46,10.64
1492,10.46,10.46,10.64,10.57
1493,10.46,10.64,10.57,10.51
1494,10.64,10.57,10.51,10.61
1495,10.57,10.51,10.61,10.54
1496,10.51,10.61,10.54,10.58
1497,10.61,10.54,10.58,11
1498,10.54,10.58,11,11.36
1499,10.58,11,11.36,11.19
1500,11,11.36,11.19,11.52
1501,11.36,11.19,11.52,11.29
1502,11.19,11.52,11.29,11.25
1503,11.52,11.29,11.25,11.54
1504,11.29,11.25,11.54,11.47
1505,11.25,11.54,11.47,11.36
1506,11.54,11.47,11.36,11.61
1507,11.47,11.36,11.61,12.03
1508,11.36,11.61,12.03,11.96
1509,11.61,12.03,11.96,12.11
1510,12.03,11.96,12.11,12.09
1511,11.96,12.11,12.09,11.98
1512,12.11,12.09,11.98,11.43
1513,12.09,11.98,11.43,11.78
1514,11.98,11.43,11.78,11.63
1515,11.43,11.78,11.63,11.47
1516,11.78,11.63,11.47,11.55
1517,11.63,11.47,11.55,11.78
1518,11.47,11.55,11.78,11.28
1519,11.55,11.78,11.28,11.14
1520,11.78,11.28,11.14,11.35
1521,11.28,11.14,11.35,11.42
1522,11.14,11.35,11.42,11.53
1523,11.35,11.42,11.53,11.62
1524,11.42,11.53,11.62,11.48
1525,11.53,11.62,11.48,11.49
1526,11.62,11.48,11.49,11.38
1527,11.48,11.49,11.38,11.32
1528,11.49,11.38,11.32,11.71
1529,11.38,11.32,11.71,11.48
1530,11.32,11.71,11.48,11.88
1531,11.71,11.48,11.88,11.93
1532,11.48,11.88,11.93,11.84
1533,11.88,11.93,11.84,11.76
1534,11.93,11.84,11.76,11.86
1535,11.84,11.76,11.86,12.25
1536,11.76,11.86,12.25,12.17
1537,11.86,12.25,12.17,12.13
1538,12.25,12.17,12.13,12.03
1539,12.17,12.13,12.03,12.19
1540,12.13,12.03,12.19,11.8
1541,12.03,12.19,11.8,11.42
1542,12.19,11.8,11.42,11.44
1543,11.8,11.42,11.44,11.03
1544,11.42,11.44,11.03,11.13
1545,11.44,11.03,11.13,11.3
1546,11.03,11.13,11.3,11.23
1547,11.13,11.3,11.23,11.34
1548,11.3,11.23,11.34,11.41
1549,11.23,11.34,11.41,11.55
1550,11.34,11.41,11.55,11.92
1551,11.41,11.55,11.92,12.26
1552,11.55,11.92,12.26,12.07
1553,11.92,12.26,12.07,12.15
1554,12.26,12.07,12.15,12.01
1555,12.07,12.15,12.01,12.06
1556,12.15,12.01,12.06,12.11
1557,12.01,12.06,12.11,12.57
1558,12.06,12.11,12.57,12.56
1559,12.11,12.57,12.56,12.71
1560,12.57,12.56,12.71,12.78
1561,12.56,12.71,12.78,12.57
1562,12.71,12.78,12.57,12.56
1563,12.78,12.57,12.56,12.4
1564,12.57,12.56,12.4,12.28
1565,12.56,12.4,12.28,12.23
1566,12.4,12.28,12.23,12.18
1567,12.28,12.23,12.18,12.15
1568,12.23,12.18,12.15,12.15
1569,12.18,12.15,12.15,11.81
1570,12.15,12.15,11.81,11.94
1571,12.15,11.81,11.94,11.97
1572,11.81,11.94,11.97,12.21
1573,11.94,11.97,12.21,12.25
1574,11.97,12.21,12.25,12.32
1575,12.21,12.25,12.32,12.27
1576,12.25,12.32,12.27,12.17
1577,12.32,12.27,12.17,11.98
1578,12.27,12.17,11.98,12.28
1579,12.17,11.98,12.28,11.7
1580,11.98,12.28,11.7,11.44
1581,12.28,11.7,11.44,11.66
1582,11.7,11.44,11.66,11.72
1583,11.44,11.66,11.72,12.07
1584,11.66,11.72,12.07,12.31
1585,11.72,12.07,12.31,12.44
1586,12.07,12.31,12.44,12.42
1587,12.31,12.44,12.42,12.38
1588,12.44,12.42,12.38,12.31
1589,12.42,12.38,12.31,12.14
1590,12.38,12.31,12.14,12.19
1591,12.31,12.14,12.19,12.24
1592,12.14,12.19,12.24,12.88
1593,12.19,12.24,12.88,12.9
1594,12.24,12.88,12.9,13.02
1595,12.88,12.9,13.02,12.91
1596,12.9,13.02,12.91,13.02
1597,13.02,12.91,13.02,12.98
1598,12.91,13.02,12.98,13.34
1599,13.02,12.98,13.34,13.44
1600,12.98,13.34,13.44,13.36
1601,13.34,13.44,13.36,13.43
1602,13.44,13.36,13.43,13.51
1603,13.36,13.43,13.51,13.44
1604,13.43,13.51,13.44,13.31
1605,13.51,13.44,13.31,13.21
1606,13.44,13.31,13.21,13.24
1607,13.31,13.21,13.24,13.35
1608,13.21,13.24,13.35,13.48
1609,13.24,13.35,13.48,13.83
1610,13.35,13.48,13.83,13.66
1611,13.48,13.83,13.66,13.55
1612,13.83,13.66,13.55,13.36
1613,13.66,13.55,13.36,13.09
1614,13.55,13.36,13.09,13.2
1615,13.36,13.09,13.2,13.38
1616,13.09,13.2,13.38,13.3
1617,13.2,13.38,13.3,13.12
1618,13.38,13.3,13.12,13.06
1619,13.3,13.12,13.06,13.21
1620,13.12,13.06,13.21,13.07
1621,13.06,13.21,13.07,13.21
1622,13.21,13.07,13.21,13.27
1623,13.07,13.21,13.27,13.19
1624,13.21,13.27,13.19,12.89
1625,13.27,13.19,12.89,12.69
1626,13.19,12.89,12.69,12.3
1627,12.89,12.69,12.3,12.67
1628,12.69,12.3,12.67,12.76
1629,12.3,12.67,12.76,13.01
1630,12.67,12.76,13.01,12.86
1631,12.76,13.01,12.86,12.93
1632,13.01,12.86,12.93,12.9
1633,12.86,12.93,12.9,12.83
1634,12.93,12.9,12.83,13.06
1635,12.9,12.83,13.06,13.28
1636,12.83,13.06,13.28,13.53
1637,13.06,13.28,13.53,13.37
1638,13.28,13.53,13.37,13.51
1639,13.53,13.37,13.51,13.78
1640,13.37,13.51,13.78,13.88
1641,13.51,13.78,13.88,13.92
1642,13.78,13.88,13.92,14.31
1643,13.88,13.92,14.31,14.76
1644,13.92,14.31,14.76,14.75
1645,14.31,14.76,14.75,14.92
1646,14.76,14.75,14.92,14.94
1647,14.75,14.92,14.94,14.71
1648,14.92,14.94,14.71,14.83
1649,14.94,14.71,14.83,14.73
1650,14.71,14.83,14.73,14.52
1651,14.83,14.73,14.52,14.52
1652,14.73,14.52,14.52,14.6
1653,14.52,14.52,14.6,14.95
1654,14.52,14.6,14.95,14.84
1655,14.6,14.95,14.84,14.8
1656,14.95,14.84,14.8,14.64
1657,14.84,14.8,14.64,14.53
1658,14.8,14.64,14.53,14.61
1659,14.64,14.53,14.61,14.45
1660,14.53,14.61,14.45,14.41
1661,14.61,14.45,14.41,14.51
1662,14.45,14.41,14.51,14.6
1663,14.41,14.51,14.6,14.32
1664,14.51,14.6,14.32,14.42
1665,14.6,14.32,14.42,14.15
1666,14.32,14.42,14.15,14.29
1667,14.42,14.15,14.29,14.34
1668,14.15,14.29,14.34,14.57
1669,14.29,14.34,14.57,14.57
1670,14.34,14.57,14.57,14.49
1671,14.57,14.57,14.49,14.11
1672,14.57,14.49,14.11,14.12
1673,14.49,14.11,14.12,14.17
1674,14.11,14.12,14.17,14.12
1675,14.12,14.17,14.12,14.25
1676,14.17,14.12,14.25,14.32
1677,14.12,14.25,14.32,14.37
1678,14.25,14.32,14.37,14.36
1679,14.32,14.37,14.36,14.48
1680,14.37,14.36,14.48,14.61
1681,14.36,14.48,14.61,14.65
1682,14.48,14.61,14.65,14.48
1683,14.61,14.65,14.48,14.49
1684,14.65,14.48,14.49,14.53
1685,14.48,14.49,14.53,14.55
1686,14.49,14.53,14.55,14.71
1687,14.53,14.55,14.71,14.61
1688,14.55,14.71,14.61,14.44
1689,14.71,14.61,14.44,14.14
1690,14.61,14.44,14.14,14.09
1691,14.44,14.14,14.09,14.14
1692,14.14,14.09,14.14,14.08
1693,14.09,14.14,14.08,13.9
1694,14.14,14.08,13.9,13.8
1695,14.08,13.9,13.8,13.9
1696,13.9,13.8,13.9,14.06
1697,13.8,13.9,14.06,14
1698,13.9,14.06,14,14.05
1699,14.06,14,14.05,13.81
1700,14,14.05,13.81,13.69
1701,14.05,13.81,13.69,13.84
1702,13.81,13.69,13.84,14.23
1703,13.69,13.84,14.23,14.19
1704,13.84,14.23,14.19,14.35
1705,14.23,14.19,14.35,14.24
1706,14.19,14.35,14.24,14.56
1707,14.35,14.24,14.56,14.66
1708,14.24,14.56,14.66,14.63
1709,14.56,14.66,14.63,14.52
1710,14.66,14.63,14.52,14.52
1711,14.63,14.52,14.52,14.21
1712,14.52,14.52,14.21,14.17
1713,14.52,14.21,14.17,14.26
1714,14.21,14.17,14.26,14.23
1715,14.17,14.26,14.23,14.15
1716,14.26,14.23,14.15,14.17
1717,14.23,14.15,14.17,13.97
1718,14.15,14.17,13.97,14.02
1719,14.17,13.97,14.02,14.04
1720,13.97,14.02,14.04,13.93
1721,14.02,14.04,13.93,13.96
1722,14.04,13.93,13.96,13.8
1723,13.93,13.96,13.8,14.32
1724,13.96,13.8,14.32,14.4
1725,13.8,14.32,14.4,14.32
1726,14.32,14.4,14.32,14.64
1727,14.4,14.32,14.64,14.8
1728,14.32,14.64,14.8,14.92
1729,14.64,14.8,14.92,14.92
1730,14.8,14.92,14.92,15.2
1731,14.92,14.92,15.2,15.14
1732,14.92,15.2,15.14,15.59
1733,15.2,15.14,15.59,15.64
1734,15.14,15.59,15.64,15.81
1735,15.59,15.64,15.81,15.88
1736,15.64,15.81,15.88,15.83
1737,15.81,15.88,15.83,15.82
1738,15.88,15.83,15.82,15.73
1739,15.83,15.82,15.73,15.54
1740,15.82,15.73,15.54,15.63
1741,15.73,15.54,15.63,15.43
1742,15.54,15.63,15.43,15.56
1743,15.63,15.43,15.56,15.58
1744,15.43,15.56,15.58,15.56
1745,15.56,15.58,15.56,15.25
1746,15.58,15.56,15.25,15.25
1747,15.56,15.25,15.25,15.18
1748,15.25,15.25,15.18,15.24
1749,15.25,15.18,15.24,15.18
1750,15.18,15.24,15.18,15.69
1751,15.24,15.18,15.69,15.75
1752,15.18,15.69,15.75,15.6
1753,15.69,15.75,15.6,15.69
1754,15.75,15.6,15.69,15.7
1755,15.6,15.69,15.7,15.65
1756,15.69,15.7,15.65,15.67
1757,15.7,15.65,15.67,15.54
1758,15.65,15.67,15.54,15.57
1759,15.67,15.54,15.57,16.1
1760,15.54,15.57,16.1,16.41
1761,15.57,16.1,16.41,16.66
1762,16.1,16.41,16.66,16.5
1763,16.41,16.66,16.5,16.58
1764,16.66,16.5,16.58,16.83
1765,16.5,16.58,16.83,16.77
1766,16.58,16.83,16.77,16.43
1767,16.83,16.77,16.43,16.77
1768,16.77,16.43,16.77,17.15
1769,16.43,16.77,17.15,17.08
1770,16.77,17.15,17.08,17.01
1771,17.15,17.08,17.01,17.01
1772,17.08,17.01,17.01,17.15
1773,17.01,17.01,17.15,16.860001
1774,17.01,17.15,16.860001,16.450001
1775,17.15,16.860001,16.450001,16.309999
1776,16.860001,16.450001,16.309999,16.73
1777,16.450001,16.309999,16.73,16.68
1778,16.309999,16.73,16.68,16.93
1779,16.73,16.68,16.93,16.75
1780,16.68,16.93,16.75,16.35
1781,16.93,16.75,16.35,16.35
1782,16.75,16.35,16.35,16.4
1783,16.35,16.35,16.4,16.690001
1784,16.35,16.4,16.690001,16.82
1785,16.4,16.690001,16.82,16.719999
1786,16.690001,16.82,16.719999,16.879999
1787,16.82,16.719999,16.879999,16.75
1788,16.719999,16.879999,16.75,16.75
1789,16.879999,16.75,16.75,16.700001
1790,16.75,16.75,16.700001,16.469999
1791,16.75,16.700001,16.469999,16.200001
1792,16.700001,16.469999,16.200001,16.299999
1793,16.469999,16.200001,16.299999,16.290001
1794,16.200001,16.299999,16.290001,16.530001
1795,16.299999,16.290001,16.530001,16.34
1796,16.290001,16.530001,16.34,16.33
1797,16.530001,16.34,16.33,16.49
1798,16.34,16.33,16.49,16.530001
1799,16.33,16.49,16.530001,16.299999
1800,16.49,16.530001,16.299999,16.73
1801,16.530001,16.299999,16.73,17.25
1802,16.299999,16.73,17.25,17.35
1803,16.73,17.25,17.35,17.33
1804,17.25,17.35,17.33,17.469999
1805,17.35,17.33,17.469999,17.27
1806,17.33,17.469999,17.27,17.280001
1807,17.469999,17.27,17.280001,17.16
1808,17.27,17.280001,17.16,16.799999
1809,17.280001,17.16,16.799999,17.110001
1810,17.16,16.799999,17.110001,17.190001
1811,16.799999,17.110001,17.190001,17.440001
1812,17.110001,17.190001,17.440001,17.92
1813,17.190001,17.440001,17.92,17.559999
1814,17.440001,17.92,17.559999,17.370001
1815,17.92,17.559999,17.370001,17.209999
1816,17.559999,17.370001,17.209999,17.18
1817,17.370001,17.209999,17.18,17.01
1818,17.209999,17.18,17.01,16.98
1819,17.18,17.01,16.98,17.200001
1820,17.01,16.98,17.200001,17.34
1821,16.98,17.200001,17.34,17.23
1822,17.200001,17.34,17.23,17.15
1823,17.34,17.23,17.15,16.719999
1824,17.23,17.15,16.719999,16.379999
1825,17.15,16.719999,16.379999,16.440001
1826,16.719999,16.379999,16.440001,16.620001
1827,16.379999,16.440001,16.620001,16.120001
1828,16.440001,16.620001,16.120001,15.77
1829,16.620001,16.120001,15.77,16
1830,16.120001,15.77,16,16.389999
1831,15.77,16,16.389999,16.129999
1832,16,16.389999,16.129999,16.15
1833,16.389999,16.129999,16.15,16.09
1834,16.129999,16.15,16.09,16.290001
1835,16.15,16.09,16.290001,16.370001
1836,16.09,16.290001,16.370001,16.34
1837,16.290001,16.370001,16.34,15.95
1838,16.370001,16.34,15.95,14.95
1839,16.34,15.95,14.95,15.24
1840,15.95,14.95,15.24,15.14
1841,14.95,15.24,15.14,15.09
1842,15.24,15.14,15.09,15.25
1843,15.14,15.09,15.25,15.08
1844,15.09,15.25,15.08,14.73
1845,15.25,15.08,14.73,14.8
1846,15.08,14.73,14.8,14.93
1847,14.73,14.8,14.93,14.74
1848,14.8,14.93,14.74,15.07
1849,14.93,14.74,15.07,15.03
1850,14.74,15.07,15.03,14.84
1851,15.07,15.03,14.84,14.55
1852,15.03,14.84,14.55,14.51
1853,14.84,14.55,14.51,14.67
1854,14.55,14.51,14.67,14.53
1855,14.51,14.67,14.53,14.61
1856,14.67,14.53,14.61,14.71
1857,14.53,14.61,14.71,14.72
1858,14.61,14.71,14.72,15.22
1859,14.71,14.72,15.22,15.14
1860,14.72,15.22,15.14,15.15
1861,15.22,15.14,15.15,15.14
1862,15.14,15.15,15.14,15.26
1863,15.15,15.14,15.26,15.21
1864,15.14,15.26,15.21,15.21
1865,15.26,15.21,15.21,15.43
1866,15.21,15.21,15.43,15.59
1867,15.21,15.43,15.59,15.84
1868,15.43,15.59,15.84,15.92
1869,15.59,15.84,15.92,15.59
1870,15.84,15.92,15.59,15.42
1871,15.92,15.59,15.42,15.44
1872,15.59,15.42,15.44,15.28
1873,15.42,15.44,15.28,15.59
1874,15.44,15.28,15.59,15.65
1875,15.28,15.59,15.65,15.55
1876,15.59,15.65,15.55,15.45
1877,15.65,15.55,15.45,15.64
1878,15.55,15.45,15.64,15.49
1879,15.45,15.64,15.49,15.47
1880,15.64,15.49,15.47,15.41
1881,15.49,15.47,15.41,15.33
1882,15.47,15.41,15.33,15.37
1883,15.41,15.33,15.37,15.6
1884,15.33,15.37,15.6,15.85
1885,15.37,15.6,15.85,16.030001
1886,15.6,15.85,16.030001,15.94
1887,15.85,16.030001,15.94,15.58
1888,16.030001,15.94,15.58,15.6
1889,15.94,15.58,15.6,15.44
1890,15.58,15.6,15.44,15.38
1891,15.6,15.44,15.38,15.57
1892,15.44,15.38,15.57,15.81
1893,15.38,15.57,15.81,15.51
1894,15.57,15.81,15.51,15.2
1895,15.81,15.51,15.2,15.49
1896,15.51,15.2,15.49,15.52
1897,15.2,15.49,15.52,15.52
1898,15.49,15.52,15.52,15.52
1899,15.52,15.52,15.52,15.62
1900,15.52,15.52,15.62,15.59
1901,15.52,15.62,15.59,15.5
1902,15.62,15.59,15.5,15.34
1903,15.59,15.5,15.34,15.58
1904,15.5,15.34,15.58,15.25
1905,15.34,15.58,15.25,14.98
1906,15.58,15.25,14.98,15.05
1907,15.25,14.98,15.05,15
1908,14.98,15.05,15,15.2
1909,15.05,15,15.2,15.12
1910,15,15.2,15.12,15.2
1911,15.2,15.12,15.2,15.22
1912,15.12,15.2,15.22,15.21
1913,15.2,15.22,15.21,15.25
1914,15.22,15.21,15.25,15.32
1915,15.21,15.25,15.32,15.22
1916,15.25,15.32,15.22,15.45
1917,15.32,15.22,15.45,15.45
1918,15.22,15.45,15.45,15.52
1919,15.45,15.45,15.52,16.16
1920,15.45,15.52,16.16,16.129999
1921,15.52,16.16,16.129999,16.290001
1922,16.16,16.129999,16.290001,16.33
1923,16.129999,16.290001,16.33,16.200001
1924,16.290001,16.33,16.200001,16.01
1925,16.33,16.200001,16.01,16.09
1926,16.200001,16.01,16.09,16.27
1927,16.01,16.09,16.27,16.1
1928,16.09,16.27,16.1,16.110001
1929,16.27,16.1,16.110001,16.02
1930,16.1,16.110001,16.02,16.35
1931,16.110001,16.02,16.35,16.139999
1932,16.02,16.35,16.139999,16.360001
1933,16.35,16.139999,16.360001,16.57
1934,16.139999,16.360001,16.57,16.790001
1935,16.360001,16.57,16.790001,16.74
1936,16.57,16.790001,16.74,16.709999
1937,16.790001,16.74,16.709999,16.77
1938,16.74,16.709999,16.77,17.040001
1939,16.709999,16.77,17.040001,16.950001
1940,16.77,17.040001,16.950001,17.030001
1941,17.040001,16.950001,17.030001,17.049999
1942,16.950001,17.030001,17.049999,17.18
1943,17.030001,17.049999,17.18,16.85
1944,17.049999,17.18,16.85,17.030001
1945,17.18,16.85,17.030001,17.01
1946,16.85,17.030001,17.01,17.049999
1947,17.030001,17.01,17.049999,16.82
1948,17.01,17.049999,16.82,16.879999
1949,17.049999,16.82,16.879999,17.290001
1950,16.82,16.879999,17.290001,17.290001
1951,16.879999,17.290001,17.290001,16.879999
1952,17.290001,17.290001,16.879999,17.120001
1953,17.290001,16.879999,17.120001,16.59
1954,16.879999,17.120001,16.59,16.48
1955,17.120001,16.59,16.48,16.4
1956,16.59,16.48,16.4,16.52
1957,16.48,16.4,16.52,15.76
1958,16.4,16.52,15.76,16.08
1959,16.52,15.76,16.08,16.209999
1960,15.76,16.08,16.209999,16.26
1961,16.08,16.209999,16.26,16.6
1962,16.209999,16.26,16.6,16.4
1963,16.26,16.6,16.4,16.6
1964,16.6,16.4,16.6,16.719999
1965,16.4,16.6,16.719999,16.59
1966,16.6,16.719999,16.59,16.799999
1967,16.719999,16.59,16.799999,16.99
1968,16.59,16.799999,16.99,17.030001
1969,16.799999,16.99,17.030001,17.16
1970,16.99,17.030001,17.16,17.27
1971,17.030001,17.16,17.27,17.209999
1972,17.16,17.27,17.209999,17.34
1973,17.27,17.209999,17.34,17.360001
1974,17.209999,17.34,17.360001,17.360001
1975,17.34,17.360001,17.360001,17.370001
1976,17.360001,17.360001,17.370001,17.32
1977,17.360001,17.370001,17.32,17.290001
1978,17.370001,17.32,17.290001,17.219999
1979,17.32,17.290001,17.219999,17.139999
1980,17.290001,17.219999,17.139999,17.09
1981,17.219999,17.139999,17.09,17.139999
1982,17.139999,17.09,17.139999,17.059999
1983,17.09,17.139999,17.059999,17
1984,17.139999,17.059999,17,17.120001
1985,17.059999,17,17.120001,17.18
1986,17,17.120001,17.18,17.1
1987,17.120001,17.18,17.1,17.110001
1988,17.18,17.1,17.110001,17.040001
1989,17.1,17.110001,17.040001,16.790001
1990,17.110001,17.040001,16.790001,17.15
1991,17.040001,16.790001,17.15,17.290001
1992,16.790001,17.15,17.290001,17.209999
1993,17.15,17.290001,17.209999,17.68
1994,17.290001,17.209999,17.68,17.66
1995,17.209999,17.68,17.66,17.559999
1996,17.68,17.66,17.559999,17.379999
1997,17.66,17.559999,17.379999,17.469999
1998,17.559999,17.379999,17.469999,17.129999
1999,17.379999,17.469999,17.129999,16.85
2000,17.469999,17.129999,16.85,16.719999
2001,17.129999,16.85,16.719999,17.26
2002,16.85,16.719999,17.26,17.530001
2003,16.719999,17.26,17.530001,17.620001
2004,17.26,17.530001,17.620001,17.709999
2005,17.530001,17.620001,17.709999,17.93
2006,17.620001,17.709999,17.93,17.98
2007,17.709999,17.93,17.98,17.98
2008,17.93,17.98,17.98,18.110001
2009,17.98,17.98,18.110001,18.129999
2010,17.98,18.110001,18.129999,17.889999
2011,18.110001,18.129999,17.889999,17.9
2012,18.129999,17.889999,17.9,17.379999
2013,17.889999,17.9,17.379999,16.860001
2014,17.9,17.379999,16.860001,16.940001
2015,17.379999,16.860001,16.940001,17.290001
2016,16.860001,16.940001,17.290001,16.98
2017,16.940001,17.290001,16.98,16.68
2018,17.290001,16.98,16.68,16.450001
2019,16.98,16.68,16.450001,16.040001
2020,16.68,16.450001,16.040001,15.2
2021,16.450001,16.040001,15.2,15.38
2022,16.040001,15.2,15.38,15.26
2023,15.2,15.38,15.26,15.41
2024,15.38,15.26,15.41,16.09
2025,15.26,15.41,16.09,15.73
2026,15.41,16.09,15.73,15.85
2027,16.09,15.73,15.85,15.63
2028,15.73,15.85,15.63,15.2
2029,15.85,15.63,15.2,15.43
2030,15.63,15.2,15.43,15.15
2031,15.2,15.43,15.15,15.46
2032,15.43,15.15,15.46,15.89
2033,15.15,15.46,15.89,15.79
2034,15.46,15.89,15.79,15.97
2035,15.89,15.79,15.97,16.49
2036,15.79,15.97,16.49,16.35
2037,15.97,16.49,16.35,16.42
2038,16.49,16.35,16.42,16.360001
2039,16.35,16.42,16.360001,16.67
2040,16.42,16.360001,16.67,16.610001
2041,16.360001,16.67,16.610001,16.629999
2042,16.67,16.610001,16.629999,16.299999
2043,16.610001,16.629999,16.299999,16.209999
2044,16.629999,16.299999,16.209999,16.379999
2045,16.299999,16.209999,16.379999,16.200001
2046,16.209999,16.379999,16.200001,16.379999
2047,16.379999,16.200001,16.379999,16.49
2048,16.200001,16.379999,16.49,16.040001
2049,16.379999,16.49,16.040001,15.81
2050,16.49,16.040001,15.81,16.01
2051,16.040001,15.81,16.01,16.040001
2052,15.81,16.01,16.040001,15.84
2053,16.01,16.040001,15.84,16
2054,16.040001,15.84,16,16.219999
2055,15.84,16,16.219999,16.17
2056,16,16.219999,16.17,15.79
2057,16.219999,16.17,15.79,16.110001
2058,16.17,15.79,16.110001,16.09
2059,15.79,16.110001,16.09,16.09
2060,16.110001,16.09,16.09,16.129999
2061,16.09,16.09,16.129999,16.09
2062,16.09,16.129999,16.09,15.98
2063,16.129999,16.09,15.98,15.61
2064,16.09,15.98,15.61,15.84
2065,15.98,15.61,15.84,15.72
2066,15.61,15.84,15.72,15.61
2067,15.84,15.72,15.61,15.41
2068,15.72,15.61,15.41,15.42
2069,15.61,15.41,15.42,15.31
2070,15.41,15.42,15.31,15.52
2071,15.42,15.31,15.52,15.39
2072,15.31,15.52,15.39,15.41
2073,15.52,15.39,15.41,15.54
2074,15.39,15.41,15.54,15.51
2075,15.41,15.54,15.51,15.46
2076,15.54,15.51,15.46,15.61
2077,15.51,15.46,15.61,15.71
2078,15.46,15.61,15.71,15.72
2079,15.61,15.71,15.72,15.8
2080,15.71,15.72,15.8,15.82
2081,15.72,15.8,15.82,15.64
2082,15.8,15.82,15.64,15.79
2083,15.82,15.64,15.79,15.56
2084,15.64,15.79,15.56,15.57
2085,15.79,15.56,15.57,15.5
2086,15.56,15.57,15.5,15.74
2087,15.57,15.5,15.74,15.69
2088,15.5,15.74,15.69,15.64
2089,15.74,15.69,15.64,15.56
2090,15.69,15.64,15.56,15.65
2091,15.64,15.56,15.65,15.98
2092,15.56,15.65,15.98,15.93
2093,15.65,15.98,15.93,16.110001
2094,15.98,15.93,16.110001,16.440001
2095,15.93,16.110001,16.440001,16.35
2096,16.110001,16.440001,16.35,16.290001
2097,16.440001,16.35,16.290001,16.24
2098,16.35,16.290001,16.24,16.450001
2099,16.290001,16.24,16.450001,16.49
2100,16.24,16.450001,16.49,16.43
2101,16.450001,16.49,16.43,16.469999
2102,16.49,16.43,16.469999,16.52
2103,16.43,16.469999,16.52,16.35
2104,16.469999,16.52,16.35,16.51
2105,16.52,16.35,16.51,16.77
2106,16.35,16.51,16.77,16.74
2107,16.51,16.77,16.74,16.73
2108,16.77,16.74,16.73,16.75
2109,16.74,16.73,16.75,16.5
2110,16.73,16.75,16.5,16.74
2111,16.75,16.5,16.74,16.67
2112,16.5,16.74,16.67,16.5
2113,16.74,16.67,16.5,16.549999
2114,16.67,16.5,16.549999,16.719999
2115,16.5,16.549999,16.719999,16.93
2116,16.549999,16.719999,16.93,16.780001
2117,16.719999,16.93,16.780001,17.190001
2118,16.93,16.780001,17.190001,17.08
2119,16.780001,17.190001,17.08,17.309999
2120,17.190001,17.08,17.309999,17.59
2121,17.08,17.309999,17.59,17.49
2122,17.309999,17.59,17.49,17.49
2123,17.59,17.49,17.49,17.469999
2124,17.49,17.49,17.469999,17.549999
2125,17.49,17.469999,17.549999,17.370001
2126,17.469999,17.549999,17.370001,17.379999
2127,17.549999,17.370001,17.379999,17.17
2128,17.370001,17.379999,17.17,17.469999
2129,17.379999,17.17,17.469999,17.67
2130,17.17,17.469999,17.67,17.49
2131,17.469999,17.67,17.49,17.370001
2132,17.67,17.49,17.370001,17.41
2133,17.49,17.370001,17.41,16.889999
2134,17.370001,17.41,16.889999,17.02
2135,17.41,16.889999,17.02,17.219999
2136,16.889999,17.02,17.219999,17.030001
2137,17.02,17.219999,17.030001,16.940001
2138,17.219999,17.030001,16.940001,16.690001
2139,17.030001,16.940001,16.690001,16.25
2140,16.940001,16.690001,16.25,16.48
2141,16.690001,16.25,16.48,16.700001
2142,16.25,16.48,16.700001,17.02
2143,16.48,16.700001,17.02,17.129999
2144,16.700001,17.02,17.129999,17.68
2145,17.02,17.129999,17.68,17.950001
2146,17.129999,17.68,17.950001,18.1
2147,17.68,17.950001,18.1,18.120001
2148,17.950001,18.1,18.120001,18.08
2149,18.1,18.120001,18.08,18.450001
2150,18.120001,18.08,18.450001,18.18
2151,18.08,18.450001,18.18,17.9
2152,18.450001,18.18,17.9,17.67
2153,18.18,17.9,17.67,17.879999
2154,17.9,17.67,17.879999,18.16
2155,17.67,17.879999,18.16,18.129999
2156,17.879999,18.16,18.129999,17.879999
2157,18.16,18.129999,17.879999,17.77
2158,18.129999,17.879999,17.77,17.799999
2159,17.879999,17.77,17.799999,17.870001
2160,17.77,17.799999,17.870001,17.809999
2161,17.799999,17.870001,17.809999,17.75
2162,17.870001,17.809999,17.75,18.040001
2163,17.809999,17.75,18.040001,17.790001
2164,17.75,18.040001,17.790001,17.52
2165,18.040001,17.790001,17.52,17.620001
2166,17.790001,17.52,17.620001,17.700001
2167,17.52,17.620001,17.700001,17.77
2168,17.620001,17.700001,17.77,17.690001
2169,17.700001,17.77,17.690001,17.459999
2170,17.77,17.690001,17.459999,16.719999
2171,17.690001,17.459999,16.719999,16.1
2172,17.459999,16.719999,16.1,15.29
2173,16.719999,16.1,15.29,15.26
2174,16.1,15.29,15.26,16.059999
2175,15.29,15.26,16.059999,16.440001
2176,15.26,16.059999,16.440001,16.360001
2177,16.059999,16.440001,16.360001,16.34
2178,16.440001,16.360001,16.34,15.58
2179,16.360001,16.34,15.58,15.85
2180,16.34,15.58,15.85,15.94
2181,15.58,15.85,15.94,15.65
2182,15.85,15.94,15.65,16.16
2183,15.94,15.65,16.16,15.9
2184,15.65,16.16,15.9,16.040001
2185,16.16,15.9,16.040001,16.040001
2186,15.9,16.040001,16.040001,15.96
2187,16.040001,16.040001,15.96,16.309999
2188,16.040001,15.96,16.309999,16.33
2189,15.96,16.309999,16.33,15.86
2190,16.309999,16.33,15.86,15.56
2191,16.33,15.86,15.56,15.7
2192,15.86,15.56,15.7,15.57
2193,15.56,15.7,15.57,15.72
2194,15.7,15.57,15.72,15.55
2195,15.57,15.72,15.55,15.89
2196,15.72,15.55,15.89,15.47
2197,15.55,15.89,15.47,15.35
2198,15.89,15.47,15.35,15.58
2199,15.47,15.35,15.58,15.55
2200,15.35,15.58,15.55,15.38
2201,15.58,15.55,15.38,15.69
2202,15.55,15.38,15.69,15.69
2203,15.38,15.69,15.69,15.75
2204,15.69,15.69,15.75,15.75
2205,15.69,15.75,15.75,15.58
2206,15.75,15.75,15.58,15.52
2207,15.75,15.58,15.52,15.52
2208,15.58,15.52,15.52,15.64
2209,15.52,15.52,15.64,16.190001
2210,15.52,15.64,16.190001,16.120001
2211,15.64,16.190001,16.120001,16.139999
2212,16.190001,16.120001,16.139999,16.200001
2213,16.120001,16.139999,16.200001,15.9
2214,16.139999,16.200001,15.9,16.16
2215,16.200001,15.9,16.16,16.52
2216,15.9,16.16,16.52,16.51
2217,16.16,16.52,16.51,16.4
2218,16.52,16.51,16.4,17.280001
2219,16.51,16.4,17.280001,17.09
2220,16.4,17.280001,17.09,16.780001
2221,17.280001,17.09,16.780001,17.059999
2222,17.09,16.780001,17.059999,17.18
2223,16.780001,17.059999,17.18,17.01
2224,17.059999,17.18,17.01,17.309999
2225,17.18,17.01,17.309999,17.950001
2226,17.01,17.309999,17.950001,17.68
2227,17.309999,17.950001,17.68,17.85
2228,17.950001,17.68,17.85,17.75
2229,17.68,17.85,17.75,17.370001
2230,17.85,17.75,17.370001,17.200001
2231,17.75,17.370001,17.200001,17.43
2232,17.370001,17.200001,17.43,17.42
2233,17.200001,17.43,17.42,17.84
2234,17.43,17.42,17.84,17.690001
2235,17.42,17.84,17.690001,17.65
2236,17.84,17.690001,17.65,17.469999
2237,17.690001,17.65,17.469999,17.469999
2238,17.65,17.469999,17.469999,17.440001
2239,17.469999,17.469999,17.440001,17.48
2240,17.469999,17.440001,17.48,17.43
2241,17.440001,17.48,17.43,17.809999
2242,17.48,17.43,17.809999,17.620001
2243,17.43,17.809999,17.620001,17.299999
2244,17.809999,17.620001,17.299999,17.799999
2245,17.620001,17.299999,17.799999,17.540001
2246,17.299999,17.799999,17.540001,17.190001
2247,17.799999,17.540001,17.190001,17.1
2248,17.540001,17.190001,17.1,17.200001
2249,17.190001,17.1,17.200001,16.73
2250,17.1,17.200001,16.73,16.799999
2251,17.200001,16.73,16.799999,17.42
2252,16.73,16.799999,17.42,17.75
2253,16.799999,17.42,17.75,17.299999
2254,17.42,17.75,17.299999,16.76
2255,17.75,17.299999,16.76,16.969999
2256,17.299999,16.76,16.969999,17.08
2257,16.76,16.969999,17.08,17.34
2258,16.969999,17.08,17.34,17.27
2259,17.08,17.34,17.27,17.129999
2260,17.34,17.27,17.129999,17.280001
2261,17.27,17.129999,17.280001,17.049999
2262,17.129999,17.280001,17.049999,16.83
2263,17.280001,17.049999,16.83,16.43
2264,17.049999,16.83,16.43,16.43
2265,16.83,16.43,16.43,16.08
2266,16.43,16.43,16.08,15.5
2267,16.43,16.08,15.5,15.2
2268,16.08,15.5,15.2,15.31
2269,15.5,15.2,15.31,15.31
2270,15.2,15.31,15.31,14.9
2271,15.31,15.31,14.9,14.99
2272,15.31,14.9,14.99,14.46
2273,14.9,14.99,14.46,14.24
2274,14.99,14.46,14.24,13.69
2275,14.46,14.24,13.69,13.36
2276,14.24,13.69,13.36,13.56
2277,13.69,13.36,13.56,12.96
2278,13.36,13.56,12.96,13.31
2279,13.56,12.96,13.31,13.36
2280,12.96,13.31,13.36,13.53
2281,13.31,13.36,13.53,14.14
2282,13.36,13.53,14.14,13.96
2283,13.53,14.14,13.96,13.23
2284,14.14,13.96,13.23,13.03
2285,13.96,13.23,13.03,13.25
2286,13.23,13.03,13.25,12.95
2287,13.03,13.25,12.95,12.27
2288,13.25,12.95,12.27,12.2
2289,12.95,12.27,12.2,11.98
2290,12.27,12.2,11.98,11.16
2291,12.2,11.98,11.16,11.95
2292,11.98,11.16,11.95,12.25
2293,11.16,11.95,12.25,12.56
2294,11.95,12.25,12.56,12.24
2295,12.25,12.56,12.24,12.13
2296,12.56,12.24,12.13,12.54
2297,12.24,12.13,12.54,12.16
2298,12.13,12.54,12.16,12.13
2299,12.54,12.16,12.13,12.32
2300,12.16,12.13,12.32,12.7
2301,12.13,12.32,12.7,12.52
2302,12.32,12.7,12.52,13.19
2303,12.7,12.52,13.19,13.41
2304,12.52,13.19,13.41,13.5
2305,13.19,13.41,13.5,13.54
2306,13.41,13.5,13.54,13.53
2307,13.5,13.54,13.53,13.06
2308,13.54,13.53,13.06,13.14
2309,13.53,13.06,13.14,13.27
2310,13.06,13.14,13.27,13.79
2311,13.14,13.27,13.79,13.64
2312,13.27,13.79,13.64,13.57
2313,13.79,13.64,13.57,13.31
2314,13.64,13.57,13.31,13.4
2315,13.57,13.31,13.4,13.79
2316,13.31,13.4,13.79,13.84
2317,13.4,13.79,13.84,13.76
2318,13.79,13.84,13.76,13.62
2319,13.84,13.76,13.62,13.68
2320,13.76,13.62,13.68,13.62
2321,13.62,13.68,13.62,13.42
2322,13.68,13.62,13.42,13.48
2323,13.62,13.42,13.48,13.52
2324,13.42,13.48,13.52,13.56
2325,13.48,13.52,13.56,13.51
2326,13.52,13.56,13.51,13.19
2327,13.56,13.51,13.19,13.27
2328,13.51,13.19,13.27,12.85
2329,13.19,13.27,12.85,12.88
2330,13.27,12.85,12.88,12.97
2331,12.85,12.88,12.97,13.27
2332,12.88,12.97,13.27,13.79
2333,12.97,13.27,13.79,14.14
2334,13.27,13.79,14.14,14
2335,13.79,14.14,14,14.17
2336,14.14,14,14.17,14.45
2337,14,14.17,14.45,14.93
2338,14.17,14.45,14.93,14.9
2339,14.45,14.93,14.9,15.11
2340,14.93,14.9,15.11,14.96
2341,14.9,15.11,14.96,15.09
2342,15.11,14.96,15.09,15.02
2343,14.96,15.09,15.02,14.79
2344,15.09,15.02,14.79,14.56
2345,15.02,14.79,14.56,14.77
2346,14.79,14.56,14.77,14.36
2347,14.56,14.77,14.36,14.13
2348,14.77,14.36,14.13,14.05
2349,14.36,14.13,14.05,14.11
2350,14.13,14.05,14.11,13.99
2351,14.05,14.11,13.99,14.3
2352,14.11,13.99,14.3,14.2
2353,13.99,14.3,14.2,14.14
2354,14.3,14.2,14.14,13.88
2355,14.2,14.14,13.88,13.93
2356,14.14,13.88,13.93,14.01
2357,13.88,13.93,14.01,14.69
2358,13.93,14.01,14.69,14.53
2359,14.01,14.69,14.53,14.52
2360,14.69,14.53,14.52,14.47
2361,14.53,14.52,14.47,14.68
2362,14.52,14.47,14.68,14.92
2363,14.47,14.68,14.92,14.7
2364,14.68,14.92,14.7,14.88
2365,14.92,14.7,14.88,14.79
2366,14.7,14.88,14.79,14.86
2367,14.88,14.79,14.86,14.94
2368,14.79,14.86,14.94,14.42
2369,14.86,14.94,14.42,14.52
2370,14.94,14.42,14.52,14.35
2371,14.42,14.52,14.35,14.43
2372,14.52,14.35,14.43,14.19
2373,14.35,14.43,14.19,13.83
2374,14.43,14.19,13.83,13.6
2375,14.19,13.83,13.6,13.26
2376,13.83,13.6,13.26,13.34
2377,13.6,13.26,13.34,13.31
2378,13.26,13.34,13.31,13.4
2379,13.34,13.31,13.4,13.54
2380,13.31,13.4,13.54,13.62
2381,13.4,13.54,13.62,13.61
2382,13.54,13.62,13.61,14.04
2383,13.62,13.61,14.04,13
2384,13.61,14.04,13,12.18
2385,14.04,13,12.18,12.7
2386,13,12.18,12.7,13.19
2387,12.18,12.7,13.19,13.27
2388,12.7,13.19,13.27,13.1
2389,13.19,13.27,13.1,12.74
2390,13.27,13.1,12.74,12.86
2391,13.1,12.74,12.86,13.01
2392,12.74,12.86,13.01,13.17
2393,12.86,13.01,13.17,13.21
2394,13.01,13.17,13.21,13.54
2395,13.17,13.21,13.54,13.44
2396,13.21,13.54,13.44,13.65
2397,13.54,13.44,13.65,13.66
2398,13.44,13.65,13.66,14.11
2399,13.65,13.66,14.11,14.26
2400,13.66,14.11,14.26,14.4
2401,14.11,14.26,14.4,14.27
2402,14.26,14.4,14.27,14.38
2403,14.4,14.27,14.38,14.37
2404,14.27,14.38,14.37,14.53
2405,14.38,14.37,14.53,14.63
2406,14.37,14.53,14.63,14.68
2407,14.53,14.63,14.68,14.49
2408,14.63,14.68,14.49,14.33
2409,14.68,14.49,14.33,14.13
2410,14.49,14.33,14.13,14.48
2411,14.33,14.13,14.48,14.48
2412,14.13,14.48,14.48,15.05
2413,14.48,14.48,15.05,15.13
2414,14.48,15.05,15.13,15.19
2415,15.05,15.13,15.19,14.81
2416,15.13,15.19,14.81,14.88
2417,15.19,14.81,14.88,14.91
2418,14.81,14.88,14.91,15.02
2419,14.88,14.91,15.02,15.17
2420,14.91,15.02,15.17,15.15
2421,15.02,15.17,15.15,15.16
2422,15.17,15.15,15.16,15.22
2423,15.15,15.16,15.22,15.18
2424,15.16,15.22,15.18,15.35
2425,15.22,15.18,15.35,15.4
2426,15.18,15.35,15.4,15.53
2427,15.35,15.4,15.53,15.79
2428,15.4,15.53,15.79,15.84
2429,15.53,15.79,15.84,16.190001
2430,15.79,15.84,16.190001,16.139999
2431,15.84,16.190001,16.139999,15.98
2432,16.190001,16.139999,15.98,16
2433,16.139999,15.98,16,15.78
2434,15.98,16,15.78,15.7
2435,16,15.78,15.7,15.86
2436,15.78,15.7,15.86,15.74
2437,15.7,15.86,15.74,15.9
2438,15.86,15.74,15.9,15.72
2439,15.74,15.9,15.72,15.63
2440,15.9,15.72,15.63,15.67
2441,15.72,15.63,15.67,15.49
2442,15.63,15.67,15.49,15.59
2443,15.67,15.49,15.59,15.6
2444,15.49,15.59,15.6,15.65
2445,15.59,15.6,15.65,15.6
2446,15.6,15.65,15.6,15.52
2447,15.65,15.6,15.52,15.09
2448,15.6,15.52,15.09,15.29
2449,15.52,15.09,15.29,15.38
2450,15.09,15.29,15.38,15.16
2451,15.29,15.38,15.16,15.65
2452,15.38,15.16,15.65,15.63
2453,15.16,15.65,15.63,15.8
2454,15.65,15.63,15.8,16.110001
2455,15.63,15.8,16.110001,16.219999
2456,15.8,16.110001,16.219999,16.129999
2457,16.110001,16.219999,16.129999,16.299999
2458,16.219999,16.129999,16.299999,16.110001
2459,16.129999,16.299999,16.110001,16.030001
2460,16.299999,16.110001,16.030001,15.83
2461,16.110001,16.030001,15.83,16
2462,16.030001,15.83,16,16.049999
2463,15.83,16,16.049999,16.26
2464,16,16.049999,16.26,16.469999
2465,16.049999,16.26,16.469999,16.559999
2466,16.26,16.469999,16.559999,16.67
2467,16.469999,16.559999,16.67,16.77
2468,16.559999,16.67,16.77,16.719999
2469,16.67,16.77,16.719999,16.870001
2470,16.77,16.719999,16.870001,16.91
2471,16.719999,16.870001,16.91,16.68
2472,16.870001,16.91,16.68,16.5
2473,16.91,16.68,16.5,16.610001
2474,16.68,16.5,16.610001,16.48
2475,16.5,16.610001,16.48,16.48
2476,16.610001,16.48,16.48,16.549999
2477,16.48,16.48,16.549999,17.01
2478,16.48,16.549999,17.01,17
2479,16.549999,17.01,17,17.969999
2480,17.01,17,17.969999,18.76
2481,17,17.969999,18.76,19.02
2482,17.969999,18.76,19.02,20.08
2483,18.76,19.02,20.08,20.16
2484,19.02,20.08,20.16,19.75
2485,20.08,20.16,19.75,20.08
2486,20.16,19.75,20.08,20
2487,19.75,20.08,20,20.33
2488,20.08,20,20.33,20.299999
2489,20,20.33,20.299999,20.559999
2490,20.33,20.299999,20.559999,20.860001
2491,20.299999,20.559999,20.860001,20.299999
2492,20.559999,20.860001,20.299999,20.290001
2493,20.860001,20.299999,20.290001,21.120001
2494,20.299999,20.290001,21.120001,21.5
2495,20.290001,21.120001,21.5,21.23
2496,21.120001,21.5,21.23,21.84
2497,21.5,21.23,21.84,22.16
2498,21.23,21.84,22.16,22.57
2499,21.84,22.16,22.57,22.950001
2500,22.16,22.57,22.950001,23.09
2501,22.57,22.950001,23.09,22.610001
2502,22.950001,23.09,22.610001,22.610001
2503,23.09,22.610001,22.610001,22.67
2504,22.610001,22.610001,22.67,23.16
2505,22.610001,22.67,23.16,22.66
2506,22.67,23.16,22.66,22.48
2507,23.16,22.66,22.48,22.709999
2508,22.66,22.48,22.709999,22.629999
2509,22.48,22.709999,22.629999,22.540001
2510,22.709999,22.629999,22.540001,22.6
2511,22.629999,22.540001,22.6,22.610001
2512,22.540001,22.6,22.610001,22.33
2513,22.6,22.610001,22.33,22
2514,22.610001,22.33,22,22.1
2515,22.33,22,22.1,22.530001
2516,22,22.1,22.530001,22.950001
2517,22.1,22.530001,22.950001,22.68
2518,22.530001,22.950001,22.68,22.68
2519,22.950001,22.68,22.68,22.549999
2520,22.68,22.68,22.549999,22.940001
2521,22.68,22.549999,22.940001,23.07
2522,22.549999,22.940001,23.07,22.92
2523,22.940001,23.07,22.92,23.01
2524,23.07,22.92,23.01,22.049999
2525,22.92,23.01,22.049999,22.629999
2526,23.01,22.049999,22.629999,22.530001
2527,22.049999,22.629999,22.530001,22.639999
2528,22.629999,22.530001,22.639999,22.559999
2529,22.530001,22.639999,22.559999,22.950001
2530,22.639999,22.559999,22.950001,23.370001
2531,22.559999,22.950001,23.370001,23.440001
2532,22.950001,23.370001,23.440001,23.360001
2533,23.370001,23.440001,23.360001,22.950001
2534,23.440001,23.360001,22.950001,22.639999
2535,23.360001,22.950001,22.639999,22.889999
2536,22.950001,22.639999,22.889999,22.719999
2537,22.639999,22.889999,22.719999,23.290001
2538,22.889999,22.719999,23.290001,23.120001
2539,22.719999,23.290001,23.120001,22.9
2540,23.290001,23.120001,22.9,22.67
2541,23.120001,22.9,22.67,23.120001
2542,22.9,22.67,23.120001,23.08
2543,22.67,23.120001,23.08,23.4
2544,23.120001,23.08,23.4,24.059999
2545,23.08,23.4,24.059999,24.58
2546,23.4,24.059999,24.58,24.58
2547,24.059999,24.58,24.58,24.52
2548,24.58,24.58,24.52,24.780001
2549,24.58,24.52,24.780001,24.790001
2550,24.52,24.780001,24.790001,24.58
2551,24.780001,24.790001,24.58,24.23
2552,24.790001,24.58,24.23,24.57
2553,24.58,24.23,24.57,24.68
2554,24.23,24.57,24.68,25.5
2555,24.57,24.68,25.5,25.23
2556,24.68,25.5,25.23,25.440001
2557,25.5,25.23,25.440001,25.25
2558,25.23,25.440001,25.25,25.209999
2559,25.440001,25.25,25.209999,25.26
2560,25.25,25.209999,25.26,25.35
2561,25.209999,25.26,25.35,25.309999
2562,25.26,25.35,25.309999,25.299999
2563,25.35,25.309999,25.299999,25.32
2564,25.309999,25.299999,25.32,25.18
2565,25.299999,25.32,25.18,25.219999
2566,25.32,25.18,25.219999,24.860001
2567,25.18,25.219999,24.860001,24.440001
2568,25.219999,24.860001,24.440001,23.02
2569,24.860001,24.440001,23.02,22.940001
2570,24.440001,23.02,22.940001,23.07
2571,23.02,22.940001,23.07,23.120001
2572,22.940001,23.07,23.120001,23.030001
2573,23.07,23.120001,23.030001,23.48
2574,23.120001,23.030001,23.48,23.35
2575,23.030001,23.48,23.35,23.870001
2576,23.48,23.35,23.870001,23.59
2577,23.35,23.870001,23.59,23.59
2578,23.870001,23.59,23.59,23.440001
2579,23.59,23.59,23.440001,23.17
2580,23.59,23.440001,23.17,23.26
2581,23.440001,23.17,23.26,23.16
2582,23.17,23.26,23.16,23.02
2583,23.26,23.16,23.02,22.92
2584,23.16,23.02,22.92,22.65
2585,23.02,22.92,22.65,22.34
2586,22.92,22.65,22.34,22.809999
2587,22.65,22.34,22.809999,22.709999
2588,22.34,22.809999,22.709999,22.74
2589,22.809999,22.709999,22.74,23.07
2590,22.709999,22.74,23.07,22.709999
2591,22.74,23.07,22.709999,23.629999
2592,23.07,22.709999,23.629999,23.98
2593,22.709999,23.629999,23.98,23.889999
2594,23.629999,23.98,23.889999,23.65
2595,23.98,23.889999,23.65,23.34
2596,23.889999,23.65,23.34,23.610001
2597,23.65,23.34,23.610001,23.530001
2598,23.34,23.610001,23.530001,23.77
2599,23.610001,23.530001,23.77,23.85
2600,23.530001,23.77,23.85,23.74
2601,23.77,23.85,23.74,23.959999
2602,23.85,23.74,23.959999,23.98
2603,23.74,23.959999,23.98,24.15
2604,23.959999,23.98,24.15,24.07
2605,23.98,24.15,24.07,24
2606,24.15,24.07,24,24.059999
2607,24.07,24,24.059999,23.99
2608,24,24.059999,23.99,22.57
2609,24.059999,23.99,22.57,22.74
2610,23.99,22.57,22.74,23.049999
2611,22.57,22.74,23.049999,23.040001
2612,22.74,23.049999,23.040001,23.389999
2613,23.049999,23.040001,23.389999,23.360001
2614,23.040001,23.389999,23.360001,23.25
2615,23.389999,23.360001,23.25,23.24
2616,23.360001,23.25,23.24,22.91
2617,23.25,23.24,22.91,22.41
2618,23.24,22.91,22.41,22.629999
2619,22.91,22.41,22.629999,22.450001
2620,22.41,22.629999,22.450001,22.41
2621,22.629999,22.450001,22.41,22.23
2622,22.450001,22.41,22.23,22.6
2623,22.41,22.23,22.6,22.969999
2624,22.23,22.6,22.969999,23.67
2625,22.6,22.969999,23.67,23.780001
2626,22.969999,23.67,23.780001,23.77
2627,23.67,23.780001,23.77,23.76
2628,23.780001,23.77,23.76,23.540001
2629,23.77,23.76,23.540001,23.43
2630,23.76,23.540001,23.43,23.91
2631,23.540001,23.43,23.91,23.49
2632,23.43,23.91,23.49,23.129999
2633,23.91,23.49,23.129999,22.93
2634,23.49,23.129999,22.93,22.82
2635,23.129999,22.93,22.82,22.889999
2636,22.93,22.82,22.889999,23.27
2637,22.82,22.889999,23.27,23.879999
2638,22.889999,23.27,23.879999,24.32
2639,23.27,23.879999,24.32,24.26
2640,23.879999,24.32,24.26,24.68
2641,24.32,24.26,24.68,24.92
2642,24.26,24.68,24.92,24.709999
2643,24.68,24.92,24.709999,24.83
2644,24.92,24.709999,24.83,24.889999
2645,24.709999,24.83,24.889999,24.6
2646,24.83,24.889999,24.6,24.35
2647,24.889999,24.6,24.35,24.620001
2648,24.6,24.35,24.620001,24.209999
2649,24.35,24.620001,24.209999,24.02
2650,24.620001,24.209999,24.02,23.9
2651,24.209999,24.02,23.9,24.059999
2652,24.02,23.9,24.059999,23.940001
2653,23.9,24.059999,23.940001,23.799999
2654,24.059999,23.940001,23.799999,23.91
2655,23.940001,23.799999,23.91,24.48
2656,23.799999,23.91,24.48,24.209999
2657,23.91,24.48,24.209999,24.110001
2658,24.48,24.209999,24.110001,24.030001
2659,24.209999,24.110001,24.030001,24.120001
2660,24.110001,24.030001,24.120001,24.450001
2661,24.030001,24.120001,24.450001,24.59
2662,24.120001,24.450001,24.59,24.370001
2663,24.450001,24.59,24.370001,24.969999
2664,24.59,24.370001,24.969999,24.959999
2665,24.370001,24.969999,24.959999,24.9
2666,24.969999,24.959999,24.9,24.74
2667,24.959999,24.9,24.74,24.120001
2668,24.9,24.74,24.120001,23.860001
2669,24.74,24.120001,23.860001,24.42
2670,24.120001,23.860001,24.42,24.469999
2671,23.860001,24.42,24.469999,24.190001
2672,24.42,24.469999,24.190001,23.639999
2673,24.469999,24.190001,23.639999,23.620001
2674,24.190001,23.639999,23.620001,23.379999
2675,23.639999,23.620001,23.379999,23.83
2676,23.620001,23.379999,23.83,23.76
2677,23.379999,23.83,23.76,23.84
2678,23.83,23.76,23.84,23.77
2679,23.76,23.84,23.77,23.719999
2680,23.84,23.77,23.719999,23.58
2681,23.77,23.719999,23.58,23.870001
2682,23.719999,23.58,23.870001,23.889999
2683,23.58,23.870001,23.889999,24.09
2684,23.870001,23.889999,24.09,23.309999
2685,23.889999,24.09,23.309999,23.41
2686,24.09,23.309999,23.41,22.969999
2687,23.309999,23.41,22.969999,22.889999
2688,23.41,22.969999,22.889999,23.360001
2689,22.969999,22.889999,23.360001,23.950001
2690,22.889999,23.360001,23.950001,24.33
2691,23.360001,23.950001,24.33,24.24
2692,23.950001,24.33,24.24,24.379999
2693,24.33,24.24,24.379999,24.700001
2694,24.24,24.379999,24.700001,24.860001
2695,24.379999,24.700001,24.860001,25.059999
2696,24.700001,24.860001,25.059999,25.16
2697,24.860001,25.059999,25.16,25.02
2698,25.059999,25.16,25.02,24.76
2699,25.16,25.02,24.76,24.809999
2700,25.02,24.76,24.809999,25.41
2701,24.76,24.809999,25.41,25.450001
2702,24.809999,25.41,25.450001,25.34
2703,25.41,25.450001,25.34,25.620001
2704,25.450001,25.34,25.620001,25.860001
2705,25.34,25.620001,25.860001,25.709999
2706,25.620001,25.860001,25.709999,26.129999
2707,25.860001,25.709999,26.129999,26.209999
2708,25.709999,26.129999,26.209999,25.85
2709,26.129999,26.209999,25.85,25.93
2710,26.209999,25.85,25.93,25.83
2711,25.85,25.93,25.83,25.450001
2712,25.93,25.83,25.450001,25.83
2713,25.83,25.450001,25.83,26.24
2714,25.450001,25.83,26.24,26.200001
2715,25.83,26.24,26.200001,26.48
2716,26.24,26.200001,26.48,26.58
2717,26.200001,26.48,26.58,27.17
2718,26.48,26.58,27.17,27.16
2719,26.58,27.17,27.16,27.68
2720,27.17,27.16,27.68,27.629999
2721,27.16,27.68,27.629999,27.74
2722,27.68,27.629999,27.74,27.799999
2723,27.629999,27.74,27.799999,27.6
2724,27.74,27.799999,27.6,27.389999
2725,27.799999,27.6,27.389999,27.530001
2726,27.6,27.389999,27.530001,27.870001
2727,27.389999,27.530001,27.870001,27.82
2728,27.530001,27.870001,27.82,27.75
2729,27.870001,27.82,27.75,27.18
2730,27.82,27.75,27.18,26.790001
2731,27.75,27.18,26.790001,26.49
2732,27.18,26.790001,26.49,26.51
2733,26.790001,26.49,26.51,26.4
2734,26.49,26.51,26.4,26.24
2735,26.51,26.4,26.24,26.790001
2736,26.4,26.24,26.790001,26.76
2737,26.24,26.790001,26.76,26.620001
2738,26.790001,26.76,26.620001,26.74
2739,26.76,26.620001,26.74,26.73
2740,26.620001,26.74,26.73,26.66
2741,26.74,26.73,26.66,26.59
2742,26.73,26.66,26.59,26.59
2743,26.66,26.59,26.59,27.639999
2744,26.59,26.59,27.639999,28.280001
2745,26.59,27.639999,28.280001,28.17
2746,27.639999,28.280001,28.17,28.1
2747,28.280001,28.17,28.1,29.059999
2748,28.17,28.1,29.059999,28.93
2749,28.1,29.059999,28.93,28.639999
2750,29.059999,28.93,28.639999,28.780001
2751,28.93,28.639999,28.780001,29.049999
2752,28.639999,28.780001,29.049999,28.940001
2753,28.780001,29.049999,28.940001,29.32
2754,29.049999,28.940001,29.32,28.84
2755,28.940001,29.32,28.84,28.73
2756,29.32,28.84,28.73,29.040001
2757,28.84,28.73,29.040001,29.48
2758,28.73,29.040001,29.48,29.450001
2759,29.040001,29.48,29.450001,29.48
2760,29.48,29.450001,29.48,29.82
2761,29.450001,29.48,29.82,29.879999
2762,29.48,29.82,29.879999,29.780001
2763,29.82,29.879999,29.780001,29.73
2764,29.879999,29.780001,29.73,29.799999
2765,29.780001,29.73,29.799999,29.52
2766,29.73,29.799999,29.52,29.9
2767,29.799999,29.52,29.9,29.799999
2768,29.52,29.9,29.799999,30.190001
2769,29.9,29.799999,30.190001,30.33
2770,29.799999,30.190001,30.33,30.120001
2771,30.190001,30.33,30.120001,30.27
2772,30.33,30.120001,30.27,30.549999
2773,30.120001,30.27,30.549999,30.66
2774,30.27,30.549999,30.66,31.190001
2775,30.549999,30.66,31.190001,31.24
2776,30.66,31.190001,31.24,31.18
2777,31.190001,31.24,31.18,31.48
2778,31.24,31.18,31.48,31.719999
2779,31.18,31.48,31.719999,31.940001
2780,31.48,31.719999,31.940001,31.92
2781,31.719999,31.940001,31.92,32.09
2782,31.940001,31.92,32.09,32.09
2783,31.92,32.09,32.09,32.200001
2784,32.09,32.09,32.200001,32.279999
2785,32.09,32.200001,32.279999,31.879999
2786,32.200001,32.279999,31.879999,32
2787,32.279999,31.879999,32,32.5
2788,31.879999,32,32.5,31.950001
2789,32,32.5,31.950001,30.26
2790,32.5,31.950001,30.26,31.200001
2791,31.950001,30.26,31.200001,31.25
2792,30.26,31.200001,31.25,29.74
2793,31.200001,31.25,29.74,30.33
2794,31.25,29.74,30.33,31.120001
2795,29.74,30.33,31.120001,31.18
2796,30.33,31.120001,31.18,32
2797,31.120001,31.18,32,32.209999
2798,31.18,32,32.209999,31.969999
2799,32,32.209999,31.969999,31.93
2800,32.209999,31.969999,31.93,31.870001
2801,31.969999,31.93,31.870001,31.690001
2802,31.93,31.870001,31.690001,32.029999
2803,31.870001,31.690001,32.029999,32.419998
2804,31.690001,32.029999,32.419998,32.330002
2805,32.029999,32.419998,32.330002,32.099998
2806,32.419998,32.330002,32.099998,31.48
2807,32.330002,32.099998,31.48,31.629999
2808,32.099998,31.48,31.629999,32.130001
2809,31.48,31.629999,32.130001,32.110001
2810,31.629999,32.130001,32.110001,32.18
2811,32.130001,32.110001,32.18,32.200001
2812,32.110001,32.18,32.200001,32.720001
2813,32.18,32.200001,32.720001,32.84
2814,32.200001,32.720001,32.84,32.360001
2815,32.720001,32.84,32.360001,32.139999
2816,32.84,32.360001,32.139999,32.099998
2817,32.360001,32.139999,32.099998,32.169998
2818,32.139999,32.099998,32.169998,31.98
2819,32.099998,32.169998,31.98,31.98
2820,32.169998,31.98,31.98,31.870001
2821,31.98,31.98,31.870001,30.549999
2822,31.98,31.870001,30.549999,29.17
2823,31.870001,30.549999,29.17,30.440001
2824,30.549999,29.17,30.440001,29.52
2825,29.17,30.440001,29.52,29.389999
2826,30.440001,29.52,29.389999,29.99
2827,29.52,29.389999,29.99,29.309999
2828,29.389999,29.99,29.309999,29.59
2829,29.99,29.309999,29.59,29.879999
2830,29.309999,29.59,29.879999,30.32
2831,29.59,29.879999,30.32,29.629999
2832,29.879999,30.32,29.629999,29.870001
2833,30.32,29.629999,29.870001,30.48
2834,29.629999,29.870001,30.48,29.9
2835,29.870001,30.48,29.9,30.65
2836,30.48,29.9,30.65,29.799999
2837,29.9,30.65,29.799999,29.93
2838,30.65,29.799999,29.93,30.040001
2839,29.799999,29.93,30.040001,29.530001
2840,29.93,30.040001,29.530001,30.18
2841,30.040001,29.530001,30.18,30.26
2842,29.530001,30.18,30.26,30.32
2843,30.18,30.26,30.32,30.190001
2844,30.26,30.32,30.190001,30.139999
2845,30.32,30.190001,30.139999,30.07
2846,30.190001,30.139999,30.07,30.15
2847,30.139999,30.07,30.15,29.92
2848,30.07,30.15,29.92,29.950001
2849,30.15,29.92,29.950001,29.58
2850,29.92,29.950001,29.58,29.200001
2851,29.950001,29.58,29.200001,29.299999
2852,29.58,29.200001,29.299999,29.639999
2853,29.200001,29.299999,29.639999,29.93
2854,29.299999,29.639999,29.93,30.719999
2855,29.639999,29.93,30.719999,30.889999
2856,29.93,30.719999,30.889999,30.92
2857,30.719999,30.889999,30.92,31.120001
2858,30.889999,30.92,31.120001,31.219999
2859,30.92,31.120001,31.219999,31.059999
2860,31.120001,31.219999,31.059999,30.809999
2861,31.219999,31.059999,30.809999,30.26
2862,31.059999,30.809999,30.26,30.549999
2863,30.809999,30.26,30.549999,30.889999
2864,30.26,30.549999,30.889999,30.440001
2865,30.549999,30.889999,30.440001,30.209999
2866,30.889999,30.440001,30.209999,30.16
2867,30.440001,30.209999,30.16,28.959999
2868,30.209999,30.16,28.959999,29.49
2869,30.16,28.959999,29.49,29.040001
2870,28.959999,29.49,29.040001,29.4
2871,29.49,29.040001,29.4,29.4
2872,29.040001,29.4,29.4,29.120001
2873,29.4,29.4,29.120001,30.040001
2874,29.4,29.120001,30.040001,30.09
2875,29.120001,30.040001,30.09,30.01
2876,30.040001,30.09,30.01,30.059999
2877,30.09,30.01,30.059999,29.9
2878,30.01,30.059999,29.9,29.84
2879,30.059999,29.9,29.84,29.5
2880,29.9,29.84,29.5,29.280001
2881,29.84,29.5,29.280001,29.4
2882,29.5,29.280001,29.4,29.26
2883,29.280001,29.4,29.26,29.24
2884,29.4,29.26,29.24,29.290001
2885,29.26,29.24,29.290001,28.99
2886,29.24,29.290001,28.99,28.48
2887,29.290001,28.99,28.48,28.540001
2888,28.99,28.48,28.540001,28.24
2889,28.48,28.540001,28.24,28.67
2890,28.540001,28.24,28.67,28.190001
2891,28.24,28.67,28.190001,28.280001
2892,28.67,28.190001,28.280001,27.780001
2893,28.190001,28.280001,27.780001,27.92
2894,28.280001,27.780001,27.92,28.030001
2895,27.780001,27.92,28.030001,29.049999
2896,27.92,28.030001,29.049999,28.83
2897,28.030001,29.049999,28.83,28.68
2898,29.049999,28.83,28.68,28.77
2899,28.83,28.68,28.77,28.549999
2900,28.68,28.77,28.549999,29.780001
2901,28.77,28.549999,29.780001,30.01
2902,28.549999,29.780001,30.01,30.129999
2903,29.780001,30.01,30.129999,29.67
2904,30.01,30.129999,29.67,30.129999
2905,30.129999,29.67,30.129999,30.75
2906,29.67,30.129999,30.75,30.83
2907,30.129999,30.75,30.83,31.07
2908,30.75,30.83,31.07,30.940001
2909,30.83,31.07,30.940001,31.059999
2910,31.07,30.940001,31.059999,31.309999
2911,30.940001,31.059999,31.309999,30.879999
2912,31.059999,31.309999,30.879999,31.25
2913,31.309999,30.879999,31.25,31.280001
2914,30.879999,31.25,31.280001,31.51
2915,31.25,31.280001,31.51,31.52
2916,31.280001,31.51,31.52,31.51
2917,31.51,31.52,31.51,31.799999
2918,31.52,31.51,31.799999,31.6
2919,31.51,31.799999,31.6,31.190001
2920,31.799999,31.6,31.190001,30.48
2921,31.6,31.190001,30.48,30.790001
2922,31.190001,30.48,30.790001,30.360001
2923,30.48,30.790001,30.360001,30.719999
2924,30.790001,30.360001,30.719999,30.74
2925,30.360001,30.719999,30.74,30.870001
2926,30.719999,30.74,30.870001,31.02
2927,30.74,30.870001,31.02,30.98
2928,30.870001,31.02,30.98,30.84
2929,31.02,30.98,30.84,30.889999
2930,30.98,30.84,30.889999,31.309999
2931,30.84,30.889999,31.309999,31.27
2932,30.889999,31.309999,31.27,31.139999
2933,31.309999,31.27,31.139999,31.01
2934,31.27,31.139999,31.01,30.93
2935,31.139999,31.01,30.93,31.139999
2936,31.01,30.93,31.139999,31.18
2937,30.93,31.139999,31.18,30.85
2938,31.139999,31.18,30.85,30.860001
2939,31.18,30.85,30.860001,30.82
2940,30.85,30.860001,30.82,30.85
2941,30.860001,30.82,30.85,30.43
2942,30.82,30.85,30.43,30.139999
2943,30.85,30.43,30.139999,30.370001
2944,30.43,30.139999,30.370001,30.280001
2945,30.139999,30.370001,30.280001,30.209999
2946,30.370001,30.280001,30.209999,31
2947,30.280001,30.209999,31,31.190001
2948,30.209999,31,31.190001,31.030001
2949,31,31.190001,31.030001,30.74
2950,31.190001,31.030001,30.74,30.67
2951,31.030001,30.74,30.67,30.129999
2952,30.74,30.67,30.129999,29.940001
2953,30.67,30.129999,29.940001,29.459999
2954,30.129999,29.940001,29.459999,29.65
2955,29.940001,29.459999,29.65,29.58
2956,29.459999,29.65,29.58,30
2957,29.65,29.58,30,30.43
2958,29.58,30,30.43,30.23
2959,30,30.43,30.23,30.27
2960,30.43,30.23,30.27,29.98
2961,30.23,30.27,29.98,29.24
2962,30.27,29.98,29.24,28.360001
2963,29.98,29.24,28.360001,28.459999
2964,29.24,28.360001,28.459999,27.92
2965,28.360001,28.459999,27.92,28.530001
2966,28.459999,27.92,28.530001,28.9
2967,27.92,28.530001,28.9,28.25
2968,28.530001,28.9,28.25,28.32
2969,28.9,28.25,28.32,27.379999
2970,28.25,28.32,27.379999,27.02
2971,28.32,27.379999,27.02,26.190001
2972,27.379999,27.02,26.190001,26.59
2973,27.02,26.190001,26.59,26.389999
2974,26.190001,26.59,26.389999,26.610001
2975,26.59,26.389999,26.610001,26.780001
2976,26.389999,26.610001,26.780001,27.5
2977,26.610001,26.780001,27.5,27.809999
2978,26.780001,27.5,27.809999,27.889999
2979,27.5,27.809999,27.889999,28.059999
2980,27.809999,27.889999,28.059999,28.209999
2981,27.889999,28.059999,28.209999,28.540001
2982,28.059999,28.209999,28.540001,28.870001
2983,28.209999,28.540001,28.870001,28.52
2984,28.540001,28.870001,28.52,27.75
2985,28.870001,28.52,27.75,27.76
2986,28.52,27.75,27.76,27.209999
2987,27.75,27.76,27.209999,27.9
2988,27.76,27.209999,27.9,27.75
2989,27.209999,27.9,27.75,27.75
2990,27.9,27.75,27.75,27.379999
2991,27.75,27.75,27.379999,27.27
2992,27.75,27.379999,27.27,26.969999
2993,27.379999,27.27,26.969999,27.559999
2994,27.27,26.969999,27.559999,27.74
2995,26.969999,27.559999,27.74,28.43
2996,27.559999,27.74,28.43,28.040001
2997,27.74,28.43,28.040001,28.4
2998,28.43,28.040001,28.4,28.540001
2999,28.040001,28.4,28.540001,26.99
3000,28.4,28.540001,26.99,26.280001
3001,28.540001,26.99,26.28,25.43
3002,26.99,26.280001,25.43,24.76
3003,26.280001,25.43,24.76,24.58
3004,25.43,24.76,24.58,24.52
3005,24.76,24.58,24.52,24.4
3006,24.58,24.52,24.4,24.48
